Start Time,Duration,Run ID,Name,Source Type,Source Name,User,Status,X_d_transform,batch_norm,data/dataset,data/n_splits,data/neg_multiple,data/seed,data/split_bound,data/split_idx,data/split_strategy,data/subdir_patt,data/toc,exp,final_lr,init_lr,max_lr,metrics,model/agg,model/d_h_encoder,model/encoder_depth,model/featurizer,model/message_passing,model/model,model/name,model/pred_head,training/metrics,training/n_epochs,training/pos_multiplier,warmup_epochs,epoch,train_loss,val/accuracy,val/binary_precision,val/binary_recall,val/f1,val/mcc,val/prc,val/roc,val_loss
2024-12-11 15:31:53,5.8h,68800af4ce7e436ebda7c6e8c6a8d8b8,worried-mole-939,LOCAL,/home/spn1560/.conda/envs/hiec/lib/python3.11/site-packages/submitit/core/_submit.py,spn1560,FINISHED,None,True,sprhea,5,5,1234,80,4,rcmcs,sprhea_v3_folded_pt_ns/rcmcs_80/nm5_5fold,v3_folded_pt_ns,negative_sampling,0.0001,0.0001,0.001,"[BinaryF1Metric(task_weights=[[1.0]]), BinaryPrecision(task_weights=[[1.0]]), BinaryRecall(task_weights=[[1.0]]), BinaryMCC(task_weights=[[1.0]]), BinaryAccuracyMetric(task_weights=[[1.0]]), BinaryAUPRCMetric(task_weights=[[1.0]]), BinaryAUROCMetric(",LastAggregation,300,4,rxn_rc,BondMessagePassing,mpnn_dim_red,rc_agg,DotSig,"['BinaryF1Metric', 'BinaryPrecision', 'BinaryRecall', 'BinaryMCC', 'BinaryAccuracyMetric', 'BinaryAUPRCMetric', 'BinaryAUROCMetric']",25,10,2,24,0.22082971036434174,0.8343263864517212,0.9439879655838013,0.7107274532318115,0.8082686066627502,0.6890299916267395,0.9424639344215393,0.9433190226554871,0.8082686066627502
2024-12-11 14:52:16,4.6h,3cb0c0c5eb1e4fbaadc2c06a77a3cbe3,burly-boar-340,LOCAL,/home/spn1560/.conda/envs/hiec/lib/python3.11/site-packages/submitit/core/_submit.py,spn1560,FINISHED,None,True,sprhea,5,5,1234,80,4,rcmcs,sprhea_v3_folded_pt_ns/rcmcs_80/nm5_5fold,v3_folded_pt_ns,negative_sampling,0.0001,0.0001,0.001,"[BinaryF1Metric(task_weights=[[1.0]]), BinaryPrecision(task_weights=[[1.0]]), BinaryRecall(task_weights=[[1.0]]), BinaryMCC(task_weights=[[1.0]]), BinaryAccuracyMetric(task_weights=[[1.0]]), BinaryAUPRCMetric(task_weights=[[1.0]]), BinaryAUROCMetric(",LastAggregation,300,4,rxn_rc,BondMessagePassing,mpnn_dim_red,rc_agg,DotSig,"['BinaryF1Metric', 'BinaryPrecision', 'BinaryRecall', 'BinaryMCC', 'BinaryAccuracyMetric', 'BinaryAUPRCMetric', 'BinaryAUROCMetric']",25,5,2,24,0.004143604543060064,0.8174445629119873,0.9672006368637085,0.6579071879386902,0.7802765965461731,0.6694133281707764,0.9436937570571899,0.9475899934768677,0.7802765965461731
2024-12-11 14:47:50,4.6h,b0fca57ef1a84d5da5b9428ea45c0373,abundant-fly-718,LOCAL,/home/spn1560/.conda/envs/hiec/lib/python3.11/site-packages/submitit/core/_submit.py,spn1560,FINISHED,None,True,sprhea,5,5,1234,80,4,rcmcs,sprhea_v3_folded_pt_ns/rcmcs_80/nm5_5fold,v3_folded_pt_ns,negative_sampling,0.0001,0.0001,0.001,"[BinaryF1Metric(task_weights=[[1.0]]), BinaryPrecision(task_weights=[[1.0]]), BinaryRecall(task_weights=[[1.0]]), BinaryMCC(task_weights=[[1.0]]), BinaryAccuracyMetric(task_weights=[[1.0]]), BinaryAUPRCMetric(task_weights=[[1.0]]), BinaryAUROCMetric(",LastAggregation,300,4,rxn_rc,BondMessagePassing,mpnn_dim_red,rc_agg,DotSig,"['BinaryF1Metric', 'BinaryPrecision', 'BinaryRecall', 'BinaryMCC', 'BinaryAccuracyMetric', 'BinaryAUPRCMetric', 'BinaryAUROCMetric']",25,3,2,24,0.0058911950327456,0.814134418964386,0.9775997400283813,0.6440017819404602,0.7731765508651733,0.6675383448600769,0.9499030113220215,0.9500910043716431,0.7731765508651733
2024-12-11 14:43:57,4.5h,05a94e6791d54bb5aab06885634d65c6,rogue-conch-393,LOCAL,/home/spn1560/.conda/envs/hiec/lib/python3.11/site-packages/submitit/core/_submit.py,spn1560,FINISHED,None,True,sprhea,5,5,1234,80,4,rcmcs,sprhea_v3_folded_pt_ns/rcmcs_80/nm5_5fold,v3_folded_pt_ns,negative_sampling,0.0001,0.0001,0.001,"[BinaryF1Metric(task_weights=[[1.0]]), BinaryPrecision(task_weights=[[1.0]]), BinaryRecall(task_weights=[[1.0]]), BinaryMCC(task_weights=[[1.0]]), BinaryAccuracyMetric(task_weights=[[1.0]]), BinaryAUPRCMetric(task_weights=[[1.0]]), BinaryAUROCMetric(",LastAggregation,300,4,rxn_rc,BondMessagePassing,mpnn_dim_red,rc_agg,DotSig,"['BinaryF1Metric', 'BinaryPrecision', 'BinaryRecall', 'BinaryMCC', 'BinaryAccuracyMetric', 'BinaryAUPRCMetric', 'BinaryAUROCMetric']",25,1,2,24,0.0094333216547966,0.7903012037277222,0.9786235690116882,0.5942001342773438,0.736088216304779,0.6300196051597595,0.9490256905555725,0.9446238875389099,0.736088216304779
2024-12-11 14:14:03,6.0h,f9c472cbec764ca3a23a3bc79c772d23,dapper-bat-813,LOCAL,/home/spn1560/.conda/envs/hiec/lib/python3.11/site-packages/submitit/core/_submit.py,spn1560,FINISHED,None,True,sprhea,5,5,1234,80,3,rcmcs,sprhea_v3_folded_pt_ns/rcmcs_80/nm5_5fold,v3_folded_pt_ns,negative_sampling,0.0001,0.0001,0.001,"[BinaryF1Metric(task_weights=[[1.0]]), BinaryPrecision(task_weights=[[1.0]]), BinaryRecall(task_weights=[[1.0]]), BinaryMCC(task_weights=[[1.0]]), BinaryAccuracyMetric(task_weights=[[1.0]]), BinaryAUPRCMetric(task_weights=[[1.0]]), BinaryAUROCMetric(",LastAggregation,300,4,rxn_rc,BondMessagePassing,mpnn_dim_red,rc_agg,DotSig,"['BinaryF1Metric', 'BinaryPrecision', 'BinaryRecall', 'BinaryMCC', 'BinaryAccuracyMetric', 'BinaryAUPRCMetric', 'BinaryAUROCMetric']",25,10,2,24,0.03293853625655174,0.8439153432846069,0.9714143872261047,0.7102044224739075,0.8173792958259583,0.7155718207359314,0.9505850076675415,0.9472605586051941,0.8173792958259583
2024-12-11 13:55:28,6.1h,d33b7fc81c1c496aa89c3eca073f7f86,sassy-smelt-682,LOCAL,/home/spn1560/.conda/envs/hiec/lib/python3.11/site-packages/submitit/core/_submit.py,spn1560,FINISHED,None,True,sprhea,5,5,1234,80,3,rcmcs,sprhea_v3_folded_pt_ns/rcmcs_80/nm5_5fold,v3_folded_pt_ns,negative_sampling,0.0001,0.0001,0.001,"[BinaryF1Metric(task_weights=[[1.0]]), BinaryPrecision(task_weights=[[1.0]]), BinaryRecall(task_weights=[[1.0]]), BinaryMCC(task_weights=[[1.0]]), BinaryAccuracyMetric(task_weights=[[1.0]]), BinaryAUPRCMetric(task_weights=[[1.0]]), BinaryAUROCMetric(",LastAggregation,300,4,rxn_rc,BondMessagePassing,mpnn_dim_red,rc_agg,DotSig,"['BinaryF1Metric', 'BinaryPrecision', 'BinaryRecall', 'BinaryMCC', 'BinaryAccuracyMetric', 'BinaryAUPRCMetric', 'BinaryAUROCMetric']",25,5,2,24,0.00037192311719991267,0.8300999402999878,0.9840162992477417,0.6726754307746887,0.7960923910140991,0.6970133185386658,0.9579110145568848,0.9529505372047424,0.7960923910140991
2024-12-11 13:49:21,5.9h,25f06d7b95cd4626bc1df5afb5097484,suave-koi-630,LOCAL,/home/spn1560/.conda/envs/hiec/lib/python3.11/site-packages/submitit/core/_submit.py,spn1560,FINISHED,None,True,sprhea,5,5,1234,80,3,rcmcs,sprhea_v3_folded_pt_ns/rcmcs_80/nm5_5fold,v3_folded_pt_ns,negative_sampling,0.0001,0.0001,0.001,"[BinaryF1Metric(task_weights=[[1.0]]), BinaryPrecision(task_weights=[[1.0]]), BinaryRecall(task_weights=[[1.0]]), BinaryMCC(task_weights=[[1.0]]), BinaryAccuracyMetric(task_weights=[[1.0]]), BinaryAUPRCMetric(task_weights=[[1.0]]), BinaryAUROCMetric(",LastAggregation,300,4,rxn_rc,BondMessagePassing,mpnn_dim_red,rc_agg,DotSig,"['BinaryF1Metric', 'BinaryPrecision', 'BinaryRecall', 'BinaryMCC', 'BinaryAccuracyMetric', 'BinaryAUPRCMetric', 'BinaryAUROCMetric']",25,3,2,24,0.009818836115300655,0.8170194029808044,0.9802404046058655,0.6490827202796936,0.7777607440948486,0.6750146746635437,0.9564258456230164,0.949964165687561,0.7777607440948486
2024-12-11 13:45:36,6.0h,b3aad2f537804c66ad28378b44b107cd,salty-skunk-652,LOCAL,/home/spn1560/.conda/envs/hiec/lib/python3.11/site-packages/submitit/core/_submit.py,spn1560,FINISHED,None,True,sprhea,5,5,1234,80,3,rcmcs,sprhea_v3_folded_pt_ns/rcmcs_80/nm5_5fold,v3_folded_pt_ns,negative_sampling,0.0001,0.0001,0.001,"[BinaryF1Metric(task_weights=[[1.0]]), BinaryPrecision(task_weights=[[1.0]]), BinaryRecall(task_weights=[[1.0]]), BinaryMCC(task_weights=[[1.0]]), BinaryAccuracyMetric(task_weights=[[1.0]]), BinaryAUPRCMetric(task_weights=[[1.0]]), BinaryAUROCMetric(",LastAggregation,300,4,rxn_rc,BondMessagePassing,mpnn_dim_red,rc_agg,DotSig,"['BinaryF1Metric', 'BinaryPrecision', 'BinaryRecall', 'BinaryMCC', 'BinaryAccuracyMetric', 'BinaryAUPRCMetric', 'BinaryAUROCMetric']",25,1,2,24,0.007477146573364735,0.8114344477653503,0.9831013083457947,0.6351998448371887,0.7678004503250122,0.6666610240936279,0.9601256251335144,0.9573389887809753,0.7678004503250122
2024-12-11 13:30:11,5.9h,0e5ca896a8d348049b4854ecdb71a4f7,redolent-rook-91,LOCAL,/home/spn1560/.conda/envs/hiec/lib/python3.11/site-packages/submitit/core/_submit.py,spn1560,FINISHED,None,True,sprhea,5,5,1234,80,2,rcmcs,sprhea_v3_folded_pt_ns/rcmcs_80/nm5_5fold,v3_folded_pt_ns,negative_sampling,0.0001,0.0001,0.001,"[BinaryF1Metric(task_weights=[[1.0]]), BinaryPrecision(task_weights=[[1.0]]), BinaryRecall(task_weights=[[1.0]]), BinaryMCC(task_weights=[[1.0]]), BinaryAccuracyMetric(task_weights=[[1.0]]), BinaryAUPRCMetric(task_weights=[[1.0]]), BinaryAUROCMetric(",LastAggregation,300,4,rxn_rc,BondMessagePassing,mpnn_dim_red,rc_agg,DotSig,"['BinaryF1Metric', 'BinaryPrecision', 'BinaryRecall', 'BinaryMCC', 'BinaryAccuracyMetric', 'BinaryAUPRCMetric', 'BinaryAUROCMetric']",25,10,2,24,0.14422360062599182,0.7660176753997803,0.940425455570221,0.5683656334877014,0.7042675614356995,0.5779144167900085,0.9086595773696899,0.9053541421890259,0.7042675614356995
2024-12-11 13:23:20,6.1h,2614276cbeb84b43963ea7f34bb325bd,illustrious-bug-572,LOCAL,/home/spn1560/.conda/envs/hiec/lib/python3.11/site-packages/submitit/core/_submit.py,spn1560,FINISHED,None,True,sprhea,5,5,1234,80,2,rcmcs,sprhea_v3_folded_pt_ns/rcmcs_80/nm5_5fold,v3_folded_pt_ns,negative_sampling,0.0001,0.0001,0.001,"[BinaryF1Metric(task_weights=[[1.0]]), BinaryPrecision(task_weights=[[1.0]]), BinaryRecall(task_weights=[[1.0]]), BinaryMCC(task_weights=[[1.0]]), BinaryAccuracyMetric(task_weights=[[1.0]]), BinaryAUPRCMetric(task_weights=[[1.0]]), BinaryAUROCMetric(",LastAggregation,300,4,rxn_rc,BondMessagePassing,mpnn_dim_red,rc_agg,DotSig,"['BinaryF1Metric', 'BinaryPrecision', 'BinaryRecall', 'BinaryMCC', 'BinaryAccuracyMetric', 'BinaryAUPRCMetric', 'BinaryAUROCMetric']",25,5,2,24,0.02299066074192524,0.7408849596977234,0.9609804749488831,0.5002051591873169,0.6533946394920349,0.5457355976104736,0.8995563983917236,0.8900032043457031,0.6533946394920349
2024-12-11 13:14:23,5.9h,a1b589fb817d4dacb9a01ca1e0516c23,industrious-dog-524,LOCAL,/home/spn1560/.conda/envs/hiec/lib/python3.11/site-packages/submitit/core/_submit.py,spn1560,FINISHED,None,True,sprhea,5,5,1234,80,2,rcmcs,sprhea_v3_folded_pt_ns/rcmcs_80/nm5_5fold,v3_folded_pt_ns,negative_sampling,0.0001,0.0001,0.001,"[BinaryF1Metric(task_weights=[[1.0]]), BinaryPrecision(task_weights=[[1.0]]), BinaryRecall(task_weights=[[1.0]]), BinaryMCC(task_weights=[[1.0]]), BinaryAccuracyMetric(task_weights=[[1.0]]), BinaryAUPRCMetric(task_weights=[[1.0]]), BinaryAUROCMetric(",LastAggregation,300,4,rxn_rc,BondMessagePassing,mpnn_dim_red,rc_agg,DotSig,"['BinaryF1Metric', 'BinaryPrecision', 'BinaryRecall', 'BinaryMCC', 'BinaryAccuracyMetric', 'BinaryAUPRCMetric', 'BinaryAUROCMetric']",25,3,2,24,0.010726054199039936,0.7253982424736023,0.9719345569610596,0.4625420570373535,0.6217364072799683,0.5252895355224609,0.8878334760665894,0.8695414662361145,0.6217364072799683
2024-12-11 13:09:00,5.5h,69cbbd65a93246969cdc06997f461b7d,flawless-ox-613,LOCAL,/home/spn1560/.conda/envs/hiec/lib/python3.11/site-packages/submitit/core/_submit.py,spn1560,FINISHED,None,True,sprhea,5,5,1234,80,2,rcmcs,sprhea_v3_folded_pt_ns/rcmcs_80/nm5_5fold,v3_folded_pt_ns,negative_sampling,0.0001,0.0001,0.001,"[BinaryF1Metric(task_weights=[[1.0]]), BinaryPrecision(task_weights=[[1.0]]), BinaryRecall(task_weights=[[1.0]]), BinaryMCC(task_weights=[[1.0]]), BinaryAccuracyMetric(task_weights=[[1.0]]), BinaryAUPRCMetric(task_weights=[[1.0]]), BinaryAUROCMetric(",LastAggregation,300,4,rxn_rc,BondMessagePassing,mpnn_dim_red,rc_agg,DotSig,"['BinaryF1Metric', 'BinaryPrecision', 'BinaryRecall', 'BinaryMCC', 'BinaryAccuracyMetric', 'BinaryAUPRCMetric', 'BinaryAUROCMetric']",25,1,2,24,0.0009720794623717666,0.717522144317627,0.9683667421340942,0.44846776127815247,0.6078140735626221,0.5122491121292114,0.8742464780807495,0.838535487651825,0.6078140735626221
2024-12-11 13:06:34,5.9h,6caa4156ae144a258ee328fe1efe760e,nosy-panda-86,LOCAL,/home/spn1560/.conda/envs/hiec/lib/python3.11/site-packages/submitit/core/_submit.py,spn1560,FINISHED,None,True,sprhea,5,5,1234,80,1,rcmcs,sprhea_v3_folded_pt_ns/rcmcs_80/nm5_5fold,v3_folded_pt_ns,negative_sampling,0.0001,0.0001,0.001,"[BinaryF1Metric(task_weights=[[1.0]]), BinaryPrecision(task_weights=[[1.0]]), BinaryRecall(task_weights=[[1.0]]), BinaryMCC(task_weights=[[1.0]]), BinaryAccuracyMetric(task_weights=[[1.0]]), BinaryAUPRCMetric(task_weights=[[1.0]]), BinaryAUROCMetric(",LastAggregation,300,4,rxn_rc,BondMessagePassing,mpnn_dim_red,rc_agg,DotSig,"['BinaryF1Metric', 'BinaryPrecision', 'BinaryRecall', 'BinaryMCC', 'BinaryAccuracyMetric', 'BinaryAUPRCMetric', 'BinaryAUROCMetric']",25,10,2,24,0.29829680919647217,0.8483049869537354,0.9636735916137695,0.7223880887031555,0.822858452796936,0.7186639904975891,0.9575439691543579,0.9561821222305298,0.822858452796936
2024-12-11 12:50:33,5.8h,58ebe212656f47168085f15af458d51f,polite-chimp-502,LOCAL,/home/spn1560/.conda/envs/hiec/lib/python3.11/site-packages/submitit/core/_submit.py,spn1560,FINISHED,None,True,sprhea,5,5,1234,80,1,rcmcs,sprhea_v3_folded_pt_ns/rcmcs_80/nm5_5fold,v3_folded_pt_ns,negative_sampling,0.0001,0.0001,0.001,"[BinaryF1Metric(task_weights=[[1.0]]), BinaryPrecision(task_weights=[[1.0]]), BinaryRecall(task_weights=[[1.0]]), BinaryMCC(task_weights=[[1.0]]), BinaryAccuracyMetric(task_weights=[[1.0]]), BinaryAUPRCMetric(task_weights=[[1.0]]), BinaryAUROCMetric(",LastAggregation,300,4,rxn_rc,BondMessagePassing,mpnn_dim_red,rc_agg,DotSig,"['BinaryF1Metric', 'BinaryPrecision', 'BinaryRecall', 'BinaryMCC', 'BinaryAccuracyMetric', 'BinaryAUPRCMetric', 'BinaryAUROCMetric']",25,5,2,24,0.012535794638097286,0.8334664702415466,0.9730370044708252,0.6855696439743042,0.8010779023170471,0.6974086165428162,0.9565421342849731,0.9542135000228882,0.8010779023170471
2024-12-11 12:44:17,5.4h,382c043324bd45c88b9d336005e1b9a9,inquisitive-loon-735,LOCAL,/home/spn1560/.conda/envs/hiec/lib/python3.11/site-packages/submitit/core/_submit.py,spn1560,FINISHED,None,True,sprhea,5,5,1234,80,1,rcmcs,sprhea_v3_folded_pt_ns/rcmcs_80/nm5_5fold,v3_folded_pt_ns,negative_sampling,0.0001,0.0001,0.001,"[BinaryF1Metric(task_weights=[[1.0]]), BinaryPrecision(task_weights=[[1.0]]), BinaryRecall(task_weights=[[1.0]]), BinaryMCC(task_weights=[[1.0]]), BinaryAccuracyMetric(task_weights=[[1.0]]), BinaryAUPRCMetric(task_weights=[[1.0]]), BinaryAUROCMetric(",LastAggregation,300,4,rxn_rc,BondMessagePassing,mpnn_dim_red,rc_agg,DotSig,"['BinaryF1Metric', 'BinaryPrecision', 'BinaryRecall', 'BinaryMCC', 'BinaryAccuracyMetric', 'BinaryAUPRCMetric', 'BinaryAUROCMetric']",25,3,2,24,0.05141681432723999,0.818456768989563,0.9785753488540649,0.65110182762146,0.7781311869621277,0.6750335693359375,0.9519793391227722,0.9473786354064941,0.7781311869621277
2024-12-11 12:42:10,5.8h,e082656fdd984292bc5eb8302cd89c1a,clumsy-ape-852,LOCAL,/home/spn1560/.conda/envs/hiec/lib/python3.11/site-packages/submitit/core/_submit.py,spn1560,FINISHED,None,True,sprhea,5,5,1234,80,1,rcmcs,sprhea_v3_folded_pt_ns/rcmcs_80/nm5_5fold,v3_folded_pt_ns,negative_sampling,0.0001,0.0001,0.001,"[BinaryF1Metric(task_weights=[[1.0]]), BinaryPrecision(task_weights=[[1.0]]), BinaryRecall(task_weights=[[1.0]]), BinaryMCC(task_weights=[[1.0]]), BinaryAccuracyMetric(task_weights=[[1.0]]), BinaryAUPRCMetric(task_weights=[[1.0]]), BinaryAUROCMetric(",LastAggregation,300,4,rxn_rc,BondMessagePassing,mpnn_dim_red,rc_agg,DotSig,"['BinaryF1Metric', 'BinaryPrecision', 'BinaryRecall', 'BinaryMCC', 'BinaryAccuracyMetric', 'BinaryAUPRCMetric', 'BinaryAUROCMetric']",25,1,2,24,0.00025489175459370017,0.8044173121452332,0.9775515198707581,0.6231606602668762,0.7573079466819763,0.6526662111282349,0.951416552066803,0.9447648525238037,0.7573079466819763
2024-12-11 12:37:43,3.8h,45bc299340a744c4800354328c5e6202,funny-auk-594,LOCAL,/home/spn1560/.conda/envs/hiec/lib/python3.11/site-packages/submitit/core/_submit.py,spn1560,FINISHED,None,True,sprhea,5,5,1234,80,0,rcmcs,sprhea_v3_folded_pt_ns/rcmcs_80/nm5_5fold,v3_folded_pt_ns,negative_sampling,0.0001,0.0001,0.001,"[BinaryF1Metric(task_weights=[[1.0]]), BinaryPrecision(task_weights=[[1.0]]), BinaryRecall(task_weights=[[1.0]]), BinaryMCC(task_weights=[[1.0]]), BinaryAccuracyMetric(task_weights=[[1.0]]), BinaryAUPRCMetric(task_weights=[[1.0]]), BinaryAUROCMetric(",LastAggregation,300,4,rxn_rc,BondMessagePassing,mpnn_dim_red,rc_agg,DotSig,"['BinaryF1Metric', 'BinaryPrecision', 'BinaryRecall', 'BinaryMCC', 'BinaryAccuracyMetric', 'BinaryAUPRCMetric', 'BinaryAUROCMetric']",25,10,2,24,0.042034730315208435,0.7593405842781067,0.9031345844268799,0.5797086358070374,0.7023270130157471,0.5540886521339417,0.8860447406768799,0.8943252563476562,0.7023270130157471
2024-12-11 12:13:59,3.9h,f445e16ad54e43f484bbb61680eda40c,stately-cod-381,LOCAL,/home/spn1560/.conda/envs/hiec/lib/python3.11/site-packages/submitit/core/_submit.py,spn1560,FINISHED,None,True,sprhea,5,5,1234,80,0,rcmcs,sprhea_v3_folded_pt_ns/rcmcs_80/nm5_5fold,v3_folded_pt_ns,negative_sampling,0.0001,0.0001,0.001,"[BinaryF1Metric(task_weights=[[1.0]]), BinaryPrecision(task_weights=[[1.0]]), BinaryRecall(task_weights=[[1.0]]), BinaryMCC(task_weights=[[1.0]]), BinaryAccuracyMetric(task_weights=[[1.0]]), BinaryAUPRCMetric(task_weights=[[1.0]]), BinaryAUROCMetric(",LastAggregation,300,4,rxn_rc,BondMessagePassing,mpnn_dim_red,rc_agg,DotSig,"['BinaryF1Metric', 'BinaryPrecision', 'BinaryRecall', 'BinaryMCC', 'BinaryAccuracyMetric', 'BinaryAUPRCMetric', 'BinaryAUROCMetric']",25,5,2,24,0.19248837232589722,0.7427488565444946,0.9373581409454346,0.5201765298843384,0.664308488368988,0.5403642654418945,0.9146089553833008,0.9211750030517578,0.664308488368988
2024-12-11 11:59:46,3.9h,25cb20b49ada4336ad957dd6c840e01e,wistful-shrew-110,LOCAL,/home/spn1560/.conda/envs/hiec/lib/python3.11/site-packages/submitit/core/_submit.py,spn1560,FINISHED,None,True,sprhea,5,5,1234,80,0,rcmcs,sprhea_v3_folded_pt_ns/rcmcs_80/nm5_5fold,v3_folded_pt_ns,negative_sampling,0.0001,0.0001,0.001,"[BinaryF1Metric(task_weights=[[1.0]]), BinaryPrecision(task_weights=[[1.0]]), BinaryRecall(task_weights=[[1.0]]), BinaryMCC(task_weights=[[1.0]]), BinaryAccuracyMetric(task_weights=[[1.0]]), BinaryAUPRCMetric(task_weights=[[1.0]]), BinaryAUROCMetric(",LastAggregation,300,4,rxn_rc,BondMessagePassing,mpnn_dim_red,rc_agg,DotSig,"['BinaryF1Metric', 'BinaryPrecision', 'BinaryRecall', 'BinaryMCC', 'BinaryAccuracyMetric', 'BinaryAUPRCMetric', 'BinaryAUROCMetric']",25,3,2,24,0.0095738610252738,0.6997556686401367,0.9622315764427185,0.4154317080974579,0.5748534202575684,0.4826914370059967,0.905846118927002,0.9014105796813965,0.5748534202575684
2024-12-11 11:51:45,2.9h,7ed3bf34ddcb4d1daed315c8c1c6355a,ambitious-bat-973,LOCAL,/home/spn1560/.conda/envs/hiec/lib/python3.11/site-packages/submitit/core/_submit.py,spn1560,FINISHED,None,True,sprhea,5,5,1234,80,0,rcmcs,sprhea_v3_folded_pt_ns/rcmcs_80/nm5_5fold,v3_folded_pt_ns,negative_sampling,0.0001,0.0001,0.001,"[BinaryF1Metric(task_weights=[[1.0]]), BinaryPrecision(task_weights=[[1.0]]), BinaryRecall(task_weights=[[1.0]]), BinaryMCC(task_weights=[[1.0]]), BinaryAccuracyMetric(task_weights=[[1.0]]), BinaryAUPRCMetric(task_weights=[[1.0]]), BinaryAUROCMetric(",LastAggregation,300,4,rxn_rc,BondMessagePassing,mpnn_dim_red,rc_agg,DotSig,"['BinaryF1Metric', 'BinaryPrecision', 'BinaryRecall', 'BinaryMCC', 'BinaryAccuracyMetric', 'BinaryAUPRCMetric', 'BinaryAUROCMetric']",25,1,2,24,0.001844331156462431,0.6984984278678894,0.9694104790687561,0.4093005359172821,0.5701339244842529,0.483499675989151,0.9249410629272461,0.9267250895500183,0.5701339244842529
2024-12-11 11:45:52,3.1h,798bd5bf2a604cedaf70f4ddb99146f6,funny-newt-516,LOCAL,/home/spn1560/.conda/envs/hiec/lib/python3.11/site-packages/submitit/core/_submit.py,spn1560,FINISHED,None,True,sprhea,5,3,1234,80,4,rcmcs,sprhea_v3_folded_pt_ns/rcmcs_80/nm3_5fold,v3_folded_pt_ns,negative_sampling,0.0001,0.0001,0.001,"[BinaryF1Metric(task_weights=[[1.0]]), BinaryPrecision(task_weights=[[1.0]]), BinaryRecall(task_weights=[[1.0]]), BinaryMCC(task_weights=[[1.0]]), BinaryAccuracyMetric(task_weights=[[1.0]]), BinaryAUPRCMetric(task_weights=[[1.0]]), BinaryAUROCMetric(",LastAggregation,300,4,rxn_rc,BondMessagePassing,mpnn_dim_red,rc_agg,DotSig,"['BinaryF1Metric', 'BinaryPrecision', 'BinaryRecall', 'BinaryMCC', 'BinaryAccuracyMetric', 'BinaryAUPRCMetric', 'BinaryAUROCMetric']",25,10,2,24,0.09888125211000443,0.8359814882278442,0.9542561769485474,0.7044713497161865,0.8083591461181641,0.695255696773529,0.9485833644866943,0.9458999633789062,0.8083591461181641
2024-12-11 11:41:56,3.8h,f782bddfe5d04de0a94570a25c35b085,magnificent-rat-814,LOCAL,/home/spn1560/.conda/envs/hiec/lib/python3.11/site-packages/submitit/core/_submit.py,spn1560,FINISHED,None,True,sprhea,5,3,1234,80,3,rcmcs,sprhea_v3_folded_pt_ns/rcmcs_80/nm3_5fold,v3_folded_pt_ns,negative_sampling,0.0001,0.0001,0.001,"[BinaryF1Metric(task_weights=[[1.0]]), BinaryPrecision(task_weights=[[1.0]]), BinaryRecall(task_weights=[[1.0]]), BinaryMCC(task_weights=[[1.0]]), BinaryAccuracyMetric(task_weights=[[1.0]]), BinaryAUPRCMetric(task_weights=[[1.0]]), BinaryAUROCMetric(",LastAggregation,300,4,rxn_rc,BondMessagePassing,mpnn_dim_red,rc_agg,DotSig,"['BinaryF1Metric', 'BinaryPrecision', 'BinaryRecall', 'BinaryMCC', 'BinaryAccuracyMetric', 'BinaryAUPRCMetric', 'BinaryAUROCMetric']",25,10,2,24,0.019335726276040077,0.8437683582305908,0.9469748139381409,0.7262852191925049,0.8198224306106567,0.7051263451576233,0.9397019743919373,0.9439188241958618,0.8198224306106567
2024-12-11 11:40:51,2.0h,c96e27b0f1c44f43ad7b2e660e892114,handsome-hawk-687,LOCAL,/home/spn1560/.conda/envs/hiec/lib/python3.11/site-packages/submitit/core/_submit.py,spn1560,FINISHED,None,True,sprhea,5,1,1234,80,4,rcmcs,sprhea_v3_folded_pt_ns/rcmcs_80/nm1_5fold,v3_folded_pt_ns,negative_sampling,0.0001,0.0001,0.001,"[BinaryF1Metric(task_weights=[[1.0]]), BinaryPrecision(task_weights=[[1.0]]), BinaryRecall(task_weights=[[1.0]]), BinaryMCC(task_weights=[[1.0]]), BinaryAccuracyMetric(task_weights=[[1.0]]), BinaryAUPRCMetric(task_weights=[[1.0]]), BinaryAUROCMetric(",LastAggregation,300,4,rxn_rc,BondMessagePassing,mpnn_dim_red,rc_agg,DotSig,"['BinaryF1Metric', 'BinaryPrecision', 'BinaryRecall', 'BinaryMCC', 'BinaryAccuracyMetric', 'BinaryAUPRCMetric', 'BinaryAUROCMetric']",25,10,2,24,0.0018173771677538753,0.861178457736969,0.9135491251945496,0.7505856156349182,0.8203724026679993,0.7210084795951843,0.9287351965904236,0.9474407434463501,0.8203724026679993
2024-12-11 11:37:28,2.0h,78ab2601fb7f49289a78ad98b2c7b044,rogue-whale-357,LOCAL,/home/spn1560/.conda/envs/hiec/lib/python3.11/site-packages/submitit/core/_submit.py,spn1560,FINISHED,None,True,sprhea,5,1,1234,80,3,rcmcs,sprhea_v3_folded_pt_ns/rcmcs_80/nm1_5fold,v3_folded_pt_ns,negative_sampling,0.0001,0.0001,0.001,"[BinaryF1Metric(task_weights=[[1.0]]), BinaryPrecision(task_weights=[[1.0]]), BinaryRecall(task_weights=[[1.0]]), BinaryMCC(task_weights=[[1.0]]), BinaryAccuracyMetric(task_weights=[[1.0]]), BinaryAUPRCMetric(task_weights=[[1.0]]), BinaryAUROCMetric(",LastAggregation,300,4,rxn_rc,BondMessagePassing,mpnn_dim_red,rc_agg,DotSig,"['BinaryF1Metric', 'BinaryPrecision', 'BinaryRecall', 'BinaryMCC', 'BinaryAccuracyMetric', 'BinaryAUPRCMetric', 'BinaryAUROCMetric']",25,10,2,24,0.024905094876885414,0.8701555132865906,0.9092422723770142,0.766983151435852,0.8295571208000183,0.734011173248291,0.9233484864234924,0.9405765533447266,0.8295571208000183
2024-12-11 11:35:57,3.1h,6d1c1c445cec44139d3d355077c278d8,capable-quail-721,LOCAL,/home/spn1560/.conda/envs/hiec/lib/python3.11/site-packages/submitit/core/_submit.py,spn1560,FINISHED,None,True,sprhea,5,3,1234,80,2,rcmcs,sprhea_v3_folded_pt_ns/rcmcs_80/nm3_5fold,v3_folded_pt_ns,negative_sampling,0.0001,0.0001,0.001,"[BinaryF1Metric(task_weights=[[1.0]]), BinaryPrecision(task_weights=[[1.0]]), BinaryRecall(task_weights=[[1.0]]), BinaryMCC(task_weights=[[1.0]]), BinaryAccuracyMetric(task_weights=[[1.0]]), BinaryAUPRCMetric(task_weights=[[1.0]]), BinaryAUROCMetric(",LastAggregation,300,4,rxn_rc,BondMessagePassing,mpnn_dim_red,rc_agg,DotSig,"['BinaryF1Metric', 'BinaryPrecision', 'BinaryRecall', 'BinaryMCC', 'BinaryAccuracyMetric', 'BinaryAUPRCMetric', 'BinaryAUROCMetric']",25,10,2,24,0.0034635276533663273,0.75,0.9506130814552307,0.5265129208564758,0.6731252670288086,0.5563039779663086,0.8777818083763123,0.8402729034423828,0.6731252670288086
2024-12-11 11:27:22,2.0h,0440f99370a2415ca783e3a24ed31d73,persistent-mole-407,LOCAL,/home/spn1560/.conda/envs/hiec/lib/python3.11/site-packages/submitit/core/_submit.py,spn1560,FINISHED,None,True,sprhea,5,1,1234,80,2,rcmcs,sprhea_v3_folded_pt_ns/rcmcs_80/nm1_5fold,v3_folded_pt_ns,negative_sampling,0.0001,0.0001,0.001,"[BinaryF1Metric(task_weights=[[1.0]]), BinaryPrecision(task_weights=[[1.0]]), BinaryRecall(task_weights=[[1.0]]), BinaryMCC(task_weights=[[1.0]]), BinaryAccuracyMetric(task_weights=[[1.0]]), BinaryAUPRCMetric(task_weights=[[1.0]]), BinaryAUROCMetric(",LastAggregation,300,4,rxn_rc,BondMessagePassing,mpnn_dim_red,rc_agg,DotSig,"['BinaryF1Metric', 'BinaryPrecision', 'BinaryRecall', 'BinaryMCC', 'BinaryAccuracyMetric', 'BinaryAUPRCMetric', 'BinaryAUROCMetric']",25,10,2,24,0.03644320368766785,0.7802534103393555,0.9131278991699219,0.6137077808380127,0.7302989363670349,0.5911973118782043,0.8705103993415833,0.8541029095649719,0.7302989363670349
2024-12-11 11:21:20,3.9h,bedb547bf8c74ccdab7b91e9f4e2441e,sincere-swan-647,LOCAL,/home/spn1560/.conda/envs/hiec/lib/python3.11/site-packages/submitit/core/_submit.py,spn1560,FINISHED,None,True,sprhea,5,3,1234,80,1,rcmcs,sprhea_v3_folded_pt_ns/rcmcs_80/nm3_5fold,v3_folded_pt_ns,negative_sampling,0.0001,0.0001,0.001,"[BinaryF1Metric(task_weights=[[1.0]]), BinaryPrecision(task_weights=[[1.0]]), BinaryRecall(task_weights=[[1.0]]), BinaryMCC(task_weights=[[1.0]]), BinaryAccuracyMetric(task_weights=[[1.0]]), BinaryAUPRCMetric(task_weights=[[1.0]]), BinaryAUROCMetric(",LastAggregation,300,4,rxn_rc,BondMessagePassing,mpnn_dim_red,rc_agg,DotSig,"['BinaryF1Metric', 'BinaryPrecision', 'BinaryRecall', 'BinaryMCC', 'BinaryAccuracyMetric', 'BinaryAUPRCMetric', 'BinaryAUROCMetric']",25,10,2,24,0.06563232839107513,0.837518572807312,0.9626219868659973,0.7017123699188232,0.8091013431549072,0.700397253036499,0.9495927095413208,0.9524896144866943,0.8091013431549072
2024-12-11 11:20:29,2.1h,6514111bd01f42558eb5a46a51ef08df,adventurous-lamb-350,LOCAL,/home/spn1560/.conda/envs/hiec/lib/python3.11/site-packages/submitit/core/_submit.py,spn1560,FINISHED,None,True,sprhea,5,1,1234,80,1,rcmcs,sprhea_v3_folded_pt_ns/rcmcs_80/nm1_5fold,v3_folded_pt_ns,negative_sampling,0.0001,0.0001,0.001,"[BinaryF1Metric(task_weights=[[1.0]]), BinaryPrecision(task_weights=[[1.0]]), BinaryRecall(task_weights=[[1.0]]), BinaryMCC(task_weights=[[1.0]]), BinaryAccuracyMetric(task_weights=[[1.0]]), BinaryAUPRCMetric(task_weights=[[1.0]]), BinaryAUROCMetric(",LastAggregation,300,4,rxn_rc,BondMessagePassing,mpnn_dim_red,rc_agg,DotSig,"['BinaryF1Metric', 'BinaryPrecision', 'BinaryRecall', 'BinaryMCC', 'BinaryAccuracyMetric', 'BinaryAUPRCMetric', 'BinaryAUROCMetric']",25,10,2,24,0.008562451228499413,0.8815836906433105,0.9448034763336182,0.8215043544769287,0.8769137859344482,0.7715774774551392,0.9591473937034607,0.9553700685501099,0.8769137859344482
2024-12-11 11:14:46,2.9h,ac39dc3b1b964db8b8e9fed8238c2b59,brawny-eel-609,LOCAL,/home/spn1560/.conda/envs/hiec/lib/python3.11/site-packages/submitit/core/_submit.py,spn1560,FINISHED,None,True,sprhea,5,3,1234,80,0,rcmcs,sprhea_v3_folded_pt_ns/rcmcs_80/nm3_5fold,v3_folded_pt_ns,negative_sampling,0.0001,0.0001,0.001,"[BinaryF1Metric(task_weights=[[1.0]]), BinaryPrecision(task_weights=[[1.0]]), BinaryRecall(task_weights=[[1.0]]), BinaryMCC(task_weights=[[1.0]]), BinaryAccuracyMetric(task_weights=[[1.0]]), BinaryAUPRCMetric(task_weights=[[1.0]]), BinaryAUROCMetric(",LastAggregation,300,4,rxn_rc,BondMessagePassing,mpnn_dim_red,rc_agg,DotSig,"['BinaryF1Metric', 'BinaryPrecision', 'BinaryRecall', 'BinaryMCC', 'BinaryAccuracyMetric', 'BinaryAUPRCMetric', 'BinaryAUROCMetric']",25,10,2,24,0.030998531728982925,0.7895668745040894,0.9392979145050049,0.6192628741264343,0.7429319620132446,0.6152329444885254,0.9210053086280823,0.9209237694740295,0.7429319620132446
2024-12-11 11:10:57,1.9h,59d28c4c6a1040c5ac02f57057396c9d,languid-ant-745,LOCAL,/home/spn1560/.conda/envs/hiec/lib/python3.11/site-packages/submitit/core/_submit.py,spn1560,FINISHED,None,True,sprhea,5,1,1234,80,0,rcmcs,sprhea_v3_folded_pt_ns/rcmcs_80/nm1_5fold,v3_folded_pt_ns,negative_sampling,0.0001,0.0001,0.001,"[BinaryF1Metric(task_weights=[[1.0]]), BinaryPrecision(task_weights=[[1.0]]), BinaryRecall(task_weights=[[1.0]]), BinaryMCC(task_weights=[[1.0]]), BinaryAccuracyMetric(task_weights=[[1.0]]), BinaryAUPRCMetric(task_weights=[[1.0]]), BinaryAUROCMetric(",LastAggregation,300,4,rxn_rc,BondMessagePassing,mpnn_dim_red,rc_agg,DotSig,"['BinaryF1Metric', 'BinaryPrecision', 'BinaryRecall', 'BinaryMCC', 'BinaryAccuracyMetric', 'BinaryAUPRCMetric', 'BinaryAUROCMetric']",25,10,2,24,0.18482378125190735,0.806199848651886,0.9005155563354492,0.7013315558433533,0.7855582237243652,0.6310518383979797,0.9055949449539185,0.9115073680877686,0.7855582237243652
2024-12-11 03:19:00,3.0h,ac0f4153172c498d9672c4637457d96a,powerful-bug-902,LOCAL,/home/spn1560/.conda/envs/hiec/lib/python3.11/site-packages/submitit/core/_submit.py,spn1560,FINISHED,None,True,sprhea,5,3,1234,80,4,rcmcs,sprhea_v3_folded_pt_ns/rcmcs_80/nm3_5fold,v3_folded_pt_ns,negative_sampling,0.0001,0.0001,0.001,"[BinaryF1Metric(task_weights=[[1.0]]), BinaryPrecision(task_weights=[[1.0]]), BinaryRecall(task_weights=[[1.0]]), BinaryMCC(task_weights=[[1.0]]), BinaryAccuracyMetric(task_weights=[[1.0]]), BinaryAUPRCMetric(task_weights=[[1.0]]), BinaryAUROCMetric(",LastAggregation,300,4,rxn_rc,BondMessagePassing,mpnn_dim_red,rc_agg,DotSig,"['BinaryF1Metric', 'BinaryPrecision', 'BinaryRecall', 'BinaryMCC', 'BinaryAccuracyMetric', 'BinaryAUPRCMetric', 'BinaryAUROCMetric']",25,5,2,24,0.01778898388147354,0.8333333134651184,0.9692454934120178,0.6887454986572266,0.8028272390365601,0.6959969401359558,0.9502997398376465,0.9506285786628723,0.8028272390365601
2024-12-11 03:19:00,3.0h,2039723fe5dc4a89bd798e73de33c98f,enthused-bear-111,LOCAL,/home/spn1560/.conda/envs/hiec/lib/python3.11/site-packages/submitit/core/_submit.py,spn1560,FINISHED,None,True,sprhea,5,3,1234,80,4,rcmcs,sprhea_v3_folded_pt_ns/rcmcs_80/nm3_5fold,v3_folded_pt_ns,negative_sampling,0.0001,0.0001,0.001,"[BinaryF1Metric(task_weights=[[1.0]]), BinaryPrecision(task_weights=[[1.0]]), BinaryRecall(task_weights=[[1.0]]), BinaryMCC(task_weights=[[1.0]]), BinaryAccuracyMetric(task_weights=[[1.0]]), BinaryAUPRCMetric(task_weights=[[1.0]]), BinaryAUROCMetric(",LastAggregation,300,4,rxn_rc,BondMessagePassing,mpnn_dim_red,rc_agg,DotSig,"['BinaryF1Metric', 'BinaryPrecision', 'BinaryRecall', 'BinaryMCC', 'BinaryAccuracyMetric', 'BinaryAUPRCMetric', 'BinaryAUROCMetric']",25,3,2,24,0.02960325963795185,0.8258854746818542,0.9652897715568542,0.6765457391738892,0.7930474877357483,0.6826999187469482,0.9458439350128174,0.94286048412323,0.7930474877357483
2024-12-11 02:50:28,3.8h,12dcf35f6ab84827a4b1bbe1b8dc8ad2,efficient-pig-375,LOCAL,/home/spn1560/.conda/envs/hiec/lib/python3.11/site-packages/submitit/core/_submit.py,spn1560,FINISHED,None,True,sprhea,5,3,1234,80,4,rcmcs,sprhea_v3_folded_pt_ns/rcmcs_80/nm3_5fold,v3_folded_pt_ns,negative_sampling,0.0001,0.0001,0.001,"[BinaryF1Metric(task_weights=[[1.0]]), BinaryPrecision(task_weights=[[1.0]]), BinaryRecall(task_weights=[[1.0]]), BinaryMCC(task_weights=[[1.0]]), BinaryAccuracyMetric(task_weights=[[1.0]]), BinaryAUPRCMetric(task_weights=[[1.0]]), BinaryAUROCMetric(",LastAggregation,300,4,rxn_rc,BondMessagePassing,mpnn_dim_red,rc_agg,DotSig,"['BinaryF1Metric', 'BinaryPrecision', 'BinaryRecall', 'BinaryMCC', 'BinaryAccuracyMetric', 'BinaryAUPRCMetric', 'BinaryAUROCMetric']",25,1,2,24,0.04102209955453873,0.8138033747673035,0.9741575121879578,0.6442134976387024,0.7728328704833984,0.6659082770347595,0.9457011222839355,0.9420707821846008,0.7728328704833984
2024-12-11 02:48:55,2.0h,3608fd9598374701b4c09d8e6febfc28,wise-fish-943,LOCAL,/home/spn1560/.conda/envs/hiec/lib/python3.11/site-packages/submitit/core/_submit.py,spn1560,FINISHED,None,True,sprhea,5,1,1234,80,4,rcmcs,sprhea_v3_folded_pt_ns/rcmcs_80/nm1_5fold,v3_folded_pt_ns,negative_sampling,0.0001,0.0001,0.001,"[BinaryF1Metric(task_weights=[[1.0]]), BinaryPrecision(task_weights=[[1.0]]), BinaryRecall(task_weights=[[1.0]]), BinaryMCC(task_weights=[[1.0]]), BinaryAccuracyMetric(task_weights=[[1.0]]), BinaryAUPRCMetric(task_weights=[[1.0]]), BinaryAUROCMetric(",LastAggregation,300,4,rxn_rc,BondMessagePassing,mpnn_dim_red,rc_agg,DotSig,"['BinaryF1Metric', 'BinaryPrecision', 'BinaryRecall', 'BinaryMCC', 'BinaryAccuracyMetric', 'BinaryAUPRCMetric', 'BinaryAUROCMetric']",25,5,2,24,0.011971394531428814,0.8745898008346558,0.9199422001838684,0.7782447934150696,0.8402318358421326,0.747382402420044,0.9299073219299316,0.9478814005851746,0.8402318358421326
2024-12-11 02:42:34,2.1h,7161e5e7840d461da407463869a30a7c,likeable-rook-620,LOCAL,/home/spn1560/.conda/envs/hiec/lib/python3.11/site-packages/submitit/core/_submit.py,spn1560,FINISHED,None,True,sprhea,5,1,1234,80,4,rcmcs,sprhea_v3_folded_pt_ns/rcmcs_80/nm1_5fold,v3_folded_pt_ns,negative_sampling,0.0001,0.0001,0.001,"[BinaryF1Metric(task_weights=[[1.0]]), BinaryPrecision(task_weights=[[1.0]]), BinaryRecall(task_weights=[[1.0]]), BinaryMCC(task_weights=[[1.0]]), BinaryAccuracyMetric(task_weights=[[1.0]]), BinaryAUPRCMetric(task_weights=[[1.0]]), BinaryAUROCMetric(",LastAggregation,300,4,rxn_rc,BondMessagePassing,mpnn_dim_red,rc_agg,DotSig,"['BinaryF1Metric', 'BinaryPrecision', 'BinaryRecall', 'BinaryMCC', 'BinaryAccuracyMetric', 'BinaryAUPRCMetric', 'BinaryAUROCMetric']",25,3,2,24,0.0014343742514029145,0.8474817872047424,0.9237375855445862,0.7060836553573608,0.7967506051063538,0.6965983510017395,0.9291115999221802,0.9468331336975098,0.7967506051063538
2024-12-11 02:21:44,1.9h,f89cfb10e9374ecea7d9a7eebefcdaa7,enchanting-skink-80,LOCAL,/home/spn1560/.conda/envs/hiec/lib/python3.11/site-packages/submitit/core/_submit.py,spn1560,FINISHED,None,True,sprhea,5,1,1234,80,4,rcmcs,sprhea_v3_folded_pt_ns/rcmcs_80/nm1_5fold,v3_folded_pt_ns,negative_sampling,0.0001,0.0001,0.001,"[BinaryF1Metric(task_weights=[[1.0]]), BinaryPrecision(task_weights=[[1.0]]), BinaryRecall(task_weights=[[1.0]]), BinaryMCC(task_weights=[[1.0]]), BinaryAccuracyMetric(task_weights=[[1.0]]), BinaryAUPRCMetric(task_weights=[[1.0]]), BinaryAUROCMetric(",LastAggregation,300,4,rxn_rc,BondMessagePassing,mpnn_dim_red,rc_agg,DotSig,"['BinaryF1Metric', 'BinaryPrecision', 'BinaryRecall', 'BinaryMCC', 'BinaryAccuracyMetric', 'BinaryAUPRCMetric', 'BinaryAUROCMetric']",25,1,2,24,0.005306053441017866,0.845341682434082,0.926829993724823,0.6975513100624084,0.7926700115203857,0.6932026147842407,0.9221971035003662,0.9424892067909241,0.7926700115203857
2024-12-11 02:14:54,4.0h,879a491c412445fea77982bfbc56ca45,unruly-fly-911,LOCAL,/home/spn1560/.conda/envs/hiec/lib/python3.11/site-packages/submitit/core/_submit.py,spn1560,FINISHED,None,True,sprhea,5,3,1234,80,3,rcmcs,sprhea_v3_folded_pt_ns/rcmcs_80/nm3_5fold,v3_folded_pt_ns,negative_sampling,0.0001,0.0001,0.001,"[BinaryF1Metric(task_weights=[[1.0]]), BinaryPrecision(task_weights=[[1.0]]), BinaryRecall(task_weights=[[1.0]]), BinaryMCC(task_weights=[[1.0]]), BinaryAccuracyMetric(task_weights=[[1.0]]), BinaryAUPRCMetric(task_weights=[[1.0]]), BinaryAUROCMetric(",LastAggregation,300,4,rxn_rc,BondMessagePassing,mpnn_dim_red,rc_agg,DotSig,"['BinaryF1Metric', 'BinaryPrecision', 'BinaryRecall', 'BinaryMCC', 'BinaryAccuracyMetric', 'BinaryAUPRCMetric', 'BinaryAUROCMetric']",25,5,2,24,0.1731146275997162,0.8286302089691162,0.9644320607185364,0.6809666156768799,0.7951231598854065,0.686072587966919,0.950293242931366,0.947923481464386,0.7951231598854065
2024-12-11 02:06:55,4.0h,7a3e470bdd4141778a002c6e8790c472,learned-mink-771,LOCAL,/home/spn1560/.conda/envs/hiec/lib/python3.11/site-packages/submitit/core/_submit.py,spn1560,FINISHED,None,True,sprhea,5,3,1234,80,3,rcmcs,sprhea_v3_folded_pt_ns/rcmcs_80/nm3_5fold,v3_folded_pt_ns,negative_sampling,0.0001,0.0001,0.001,"[BinaryF1Metric(task_weights=[[1.0]]), BinaryPrecision(task_weights=[[1.0]]), BinaryRecall(task_weights=[[1.0]]), BinaryMCC(task_weights=[[1.0]]), BinaryAccuracyMetric(task_weights=[[1.0]]), BinaryAUPRCMetric(task_weights=[[1.0]]), BinaryAUROCMetric(",LastAggregation,300,4,rxn_rc,BondMessagePassing,mpnn_dim_red,rc_agg,DotSig,"['BinaryF1Metric', 'BinaryPrecision', 'BinaryRecall', 'BinaryMCC', 'BinaryAccuracyMetric', 'BinaryAUPRCMetric', 'BinaryAUROCMetric']",25,3,2,24,0.0023365062661468983,0.8264256119728088,0.9722664952278137,0.6702113747596741,0.790204644203186,0.6846051812171936,0.9532000422477722,0.9526582360267639,0.790204644203186
2024-12-11 01:59:59,3.0h,ee7c6248646a425a984f2a6941b924a5,efficient-jay-166,LOCAL,/home/spn1560/.conda/envs/hiec/lib/python3.11/site-packages/submitit/core/_submit.py,spn1560,FINISHED,None,True,sprhea,5,3,1234,80,3,rcmcs,sprhea_v3_folded_pt_ns/rcmcs_80/nm3_5fold,v3_folded_pt_ns,negative_sampling,0.0001,0.0001,0.001,"[BinaryF1Metric(task_weights=[[1.0]]), BinaryPrecision(task_weights=[[1.0]]), BinaryRecall(task_weights=[[1.0]]), BinaryMCC(task_weights=[[1.0]]), BinaryAccuracyMetric(task_weights=[[1.0]]), BinaryAUPRCMetric(task_weights=[[1.0]]), BinaryAUROCMetric(",LastAggregation,300,4,rxn_rc,BondMessagePassing,mpnn_dim_red,rc_agg,DotSig,"['BinaryF1Metric', 'BinaryPrecision', 'BinaryRecall', 'BinaryMCC', 'BinaryAccuracyMetric', 'BinaryAUPRCMetric', 'BinaryAUROCMetric']",25,1,2,24,0.0033781840465962887,0.8064373731613159,0.9706405401229858,0.6307465434074402,0.7611266374588013,0.6518498063087463,0.9525203704833984,0.9561179876327515,0.7611266374588013
2024-12-11 01:55:53,2.0h,74b99ab65ba24cd09971397f254df69f,burly-horse-943,LOCAL,/home/spn1560/.conda/envs/hiec/lib/python3.11/site-packages/submitit/core/_submit.py,spn1560,FINISHED,None,True,sprhea,5,1,1234,80,3,rcmcs,sprhea_v3_folded_pt_ns/rcmcs_80/nm1_5fold,v3_folded_pt_ns,negative_sampling,0.0001,0.0001,0.001,"[BinaryF1Metric(task_weights=[[1.0]]), BinaryPrecision(task_weights=[[1.0]]), BinaryRecall(task_weights=[[1.0]]), BinaryMCC(task_weights=[[1.0]]), BinaryAccuracyMetric(task_weights=[[1.0]]), BinaryAUPRCMetric(task_weights=[[1.0]]), BinaryAUROCMetric(",LastAggregation,300,4,rxn_rc,BondMessagePassing,mpnn_dim_red,rc_agg,DotSig,"['BinaryF1Metric', 'BinaryPrecision', 'BinaryRecall', 'BinaryMCC', 'BinaryAccuracyMetric', 'BinaryAUPRCMetric', 'BinaryAUROCMetric']",25,5,2,24,0.0034883441403508186,0.8812639117240906,0.9321785569190979,0.7714158296585083,0.8418310880661011,0.7579114437103271,0.938727080821991,0.9550600647926331,0.8418310880661011
2024-12-11 01:50:30,2.0h,6b4d57ead0d24bb3a6b4adc9433d0507,capable-slug-491,LOCAL,/home/spn1560/.conda/envs/hiec/lib/python3.11/site-packages/submitit/core/_submit.py,spn1560,FINISHED,None,True,sprhea,5,1,1234,80,3,rcmcs,sprhea_v3_folded_pt_ns/rcmcs_80/nm1_5fold,v3_folded_pt_ns,negative_sampling,0.0001,0.0001,0.001,"[BinaryF1Metric(task_weights=[[1.0]]), BinaryPrecision(task_weights=[[1.0]]), BinaryRecall(task_weights=[[1.0]]), BinaryMCC(task_weights=[[1.0]]), BinaryAccuracyMetric(task_weights=[[1.0]]), BinaryAUPRCMetric(task_weights=[[1.0]]), BinaryAUROCMetric(",LastAggregation,300,4,rxn_rc,BondMessagePassing,mpnn_dim_red,rc_agg,DotSig,"['BinaryF1Metric', 'BinaryPrecision', 'BinaryRecall', 'BinaryMCC', 'BinaryAccuracyMetric', 'BinaryAUPRCMetric', 'BinaryAUROCMetric']",25,3,2,24,0.003492125775665045,0.8674401640892029,0.9383299946784973,0.7304258346557617,0.8185520768165588,0.7325437068939209,0.9392514228820801,0.9557058811187744,0.8185520768165588
2024-12-11 01:43:51,2.0h,5d707f9259cb446888f32bbe7b838188,rambunctious-pug-630,LOCAL,/home/spn1560/.conda/envs/hiec/lib/python3.11/site-packages/submitit/core/_submit.py,spn1560,FINISHED,None,True,sprhea,5,1,1234,80,3,rcmcs,sprhea_v3_folded_pt_ns/rcmcs_80/nm1_5fold,v3_folded_pt_ns,negative_sampling,0.0001,0.0001,0.001,"[BinaryF1Metric(task_weights=[[1.0]]), BinaryPrecision(task_weights=[[1.0]]), BinaryRecall(task_weights=[[1.0]]), BinaryMCC(task_weights=[[1.0]]), BinaryAccuracyMetric(task_weights=[[1.0]]), BinaryAUPRCMetric(task_weights=[[1.0]]), BinaryAUROCMetric(",LastAggregation,300,4,rxn_rc,BondMessagePassing,mpnn_dim_red,rc_agg,DotSig,"['BinaryF1Metric', 'BinaryPrecision', 'BinaryRecall', 'BinaryMCC', 'BinaryAccuracyMetric', 'BinaryAUPRCMetric', 'BinaryAUROCMetric']",25,1,2,24,0.004821560811251402,0.8588002920150757,0.9291561841964722,0.7172524929046631,0.8067148327827454,0.7143679261207581,0.9304466247558594,0.9462458491325378,0.8067148327827454
2024-12-11 01:00:40,4.0h,e182a15f6b56418a934ebb159f4aa571,amazing-shad-756,LOCAL,/home/spn1560/.conda/envs/hiec/lib/python3.11/site-packages/submitit/core/_submit.py,spn1560,FINISHED,None,True,sprhea,5,3,1234,80,2,rcmcs,sprhea_v3_folded_pt_ns/rcmcs_80/nm3_5fold,v3_folded_pt_ns,negative_sampling,0.0001,0.0001,0.001,"[BinaryF1Metric(task_weights=[[1.0]]), BinaryPrecision(task_weights=[[1.0]]), BinaryRecall(task_weights=[[1.0]]), BinaryMCC(task_weights=[[1.0]]), BinaryAccuracyMetric(task_weights=[[1.0]]), BinaryAUPRCMetric(task_weights=[[1.0]]), BinaryAUROCMetric(",LastAggregation,300,4,rxn_rc,BondMessagePassing,mpnn_dim_red,rc_agg,DotSig,"['BinaryF1Metric', 'BinaryPrecision', 'BinaryRecall', 'BinaryMCC', 'BinaryAccuracyMetric', 'BinaryAUPRCMetric', 'BinaryAUROCMetric']",25,5,2,24,0.05313386023044586,0.7440707683563232,0.9603917598724365,0.5095322728157043,0.6607447266578674,0.5511271357536316,0.8732109069824219,0.8445295095443726,0.6607447266578674
2024-12-11 00:52:20,3.0h,6af3aa7e7b7b4ba1ae7a42e854094e34,merciful-stag-888,LOCAL,/home/spn1560/.conda/envs/hiec/lib/python3.11/site-packages/submitit/core/_submit.py,spn1560,FINISHED,None,True,sprhea,5,3,1234,80,2,rcmcs,sprhea_v3_folded_pt_ns/rcmcs_80/nm3_5fold,v3_folded_pt_ns,negative_sampling,0.0001,0.0001,0.001,"[BinaryF1Metric(task_weights=[[1.0]]), BinaryPrecision(task_weights=[[1.0]]), BinaryRecall(task_weights=[[1.0]]), BinaryMCC(task_weights=[[1.0]]), BinaryAccuracyMetric(task_weights=[[1.0]]), BinaryAUPRCMetric(task_weights=[[1.0]]), BinaryAUROCMetric(",LastAggregation,300,4,rxn_rc,BondMessagePassing,mpnn_dim_red,rc_agg,DotSig,"['BinaryF1Metric', 'BinaryPrecision', 'BinaryRecall', 'BinaryMCC', 'BinaryAccuracyMetric', 'BinaryAUPRCMetric', 'BinaryAUROCMetric']",25,3,2,24,0.15479958057403564,0.741150438785553,0.9595749974250793,0.502892792224884,0.655118465423584,0.5460257530212402,0.8841689825057983,0.8608047366142273,0.655118465423584
2024-12-11 00:40:32,3.7h,de93059c2f87449b821f5d86f1434196,peaceful-crab-524,LOCAL,/home/spn1560/.conda/envs/hiec/lib/python3.11/site-packages/submitit/core/_submit.py,spn1560,FINISHED,None,True,sprhea,5,3,1234,80,2,rcmcs,sprhea_v3_folded_pt_ns/rcmcs_80/nm3_5fold,v3_folded_pt_ns,negative_sampling,0.0001,0.0001,0.001,"[BinaryF1Metric(task_weights=[[1.0]]), BinaryPrecision(task_weights=[[1.0]]), BinaryRecall(task_weights=[[1.0]]), BinaryMCC(task_weights=[[1.0]]), BinaryAccuracyMetric(task_weights=[[1.0]]), BinaryAUPRCMetric(task_weights=[[1.0]]), BinaryAUROCMetric(",LastAggregation,300,4,rxn_rc,BondMessagePassing,mpnn_dim_red,rc_agg,DotSig,"['BinaryF1Metric', 'BinaryPrecision', 'BinaryRecall', 'BinaryMCC', 'BinaryAccuracyMetric', 'BinaryAUPRCMetric', 'BinaryAUROCMetric']",25,1,2,24,0.002379602985456586,0.7439823150634766,0.9725444912910461,0.5028466582298279,0.6585249304771423,0.5554540753364563,0.9149180054664612,0.9078468084335327,0.6585249304771423
2024-12-11 00:34:05,2.1h,dbe5bfab6d9f4f9f9904ab5965a440ff,fun-mule-309,LOCAL,/home/spn1560/.conda/envs/hiec/lib/python3.11/site-packages/submitit/core/_submit.py,spn1560,FINISHED,None,True,sprhea,5,1,1234,80,2,rcmcs,sprhea_v3_folded_pt_ns/rcmcs_80/nm1_5fold,v3_folded_pt_ns,negative_sampling,0.0001,0.0001,0.001,"[BinaryF1Metric(task_weights=[[1.0]]), BinaryPrecision(task_weights=[[1.0]]), BinaryRecall(task_weights=[[1.0]]), BinaryMCC(task_weights=[[1.0]]), BinaryAccuracyMetric(task_weights=[[1.0]]), BinaryAUPRCMetric(task_weights=[[1.0]]), BinaryAUROCMetric(",LastAggregation,300,4,rxn_rc,BondMessagePassing,mpnn_dim_red,rc_agg,DotSig,"['BinaryF1Metric', 'BinaryPrecision', 'BinaryRecall', 'BinaryMCC', 'BinaryAccuracyMetric', 'BinaryAUPRCMetric', 'BinaryAUROCMetric']",25,5,2,24,0.0015849967021495104,0.7752730250358582,0.9218093156814575,0.5967022776603699,0.7201012372970581,0.5862436294555664,0.8739477396011353,0.8758670687675476,0.7201012372970581
2024-12-11 00:25:49,1.9h,4a331f60239048b5b2ed65dd2ffa4013,rambunctious-vole-29,LOCAL,/home/spn1560/.conda/envs/hiec/lib/python3.11/site-packages/submitit/core/_submit.py,spn1560,FINISHED,None,True,sprhea,5,1,1234,80,2,rcmcs,sprhea_v3_folded_pt_ns/rcmcs_80/nm1_5fold,v3_folded_pt_ns,negative_sampling,0.0001,0.0001,0.001,"[BinaryF1Metric(task_weights=[[1.0]]), BinaryPrecision(task_weights=[[1.0]]), BinaryRecall(task_weights=[[1.0]]), BinaryMCC(task_weights=[[1.0]]), BinaryAccuracyMetric(task_weights=[[1.0]]), BinaryAUPRCMetric(task_weights=[[1.0]]), BinaryAUROCMetric(",LastAggregation,300,4,rxn_rc,BondMessagePassing,mpnn_dim_red,rc_agg,DotSig,"['BinaryF1Metric', 'BinaryPrecision', 'BinaryRecall', 'BinaryMCC', 'BinaryAccuracyMetric', 'BinaryAUPRCMetric', 'BinaryAUROCMetric']",25,3,2,24,0.013182338327169418,0.7856705784797668,0.9376593828201294,0.6066387295722961,0.7329147458076477,0.6082659959793091,0.8851768374443054,0.8697336316108704,0.7329147458076477
2024-12-11 00:25:49,1.5h,ac4d3b76768b44b0b9224d8601e4b752,bald-robin-207,LOCAL,/home/spn1560/.conda/envs/hiec/lib/python3.11/site-packages/submitit/core/_submit.py,spn1560,FINISHED,None,True,sprhea,5,1,1234,80,2,rcmcs,sprhea_v3_folded_pt_ns/rcmcs_80/nm1_5fold,v3_folded_pt_ns,negative_sampling,0.0001,0.0001,0.001,"[BinaryF1Metric(task_weights=[[1.0]]), BinaryPrecision(task_weights=[[1.0]]), BinaryRecall(task_weights=[[1.0]]), BinaryMCC(task_weights=[[1.0]]), BinaryAccuracyMetric(task_weights=[[1.0]]), BinaryAUPRCMetric(task_weights=[[1.0]]), BinaryAUROCMetric(",LastAggregation,300,4,rxn_rc,BondMessagePassing,mpnn_dim_red,rc_agg,DotSig,"['BinaryF1Metric', 'BinaryPrecision', 'BinaryRecall', 'BinaryMCC', 'BinaryAccuracyMetric', 'BinaryAUPRCMetric', 'BinaryAUROCMetric']",25,1,2,24,0.009452782571315765,0.7642638683319092,0.9352807402610779,0.5614139437675476,0.6973633766174316,0.5726053714752197,0.867278516292572,0.8457135558128357,0.6973633766174316
2024-12-11 00:17:32,3.9h,d5d966a4aca3447d8f46143b596c096a,bittersweet-ray-823,LOCAL,/home/spn1560/.conda/envs/hiec/lib/python3.11/site-packages/submitit/core/_submit.py,spn1560,FINISHED,None,True,sprhea,5,3,1234,80,1,rcmcs,sprhea_v3_folded_pt_ns/rcmcs_80/nm3_5fold,v3_folded_pt_ns,negative_sampling,0.0001,0.0001,0.001,"[BinaryF1Metric(task_weights=[[1.0]]), BinaryPrecision(task_weights=[[1.0]]), BinaryRecall(task_weights=[[1.0]]), BinaryMCC(task_weights=[[1.0]]), BinaryAccuracyMetric(task_weights=[[1.0]]), BinaryAUPRCMetric(task_weights=[[1.0]]), BinaryAUROCMetric(",LastAggregation,300,4,rxn_rc,BondMessagePassing,mpnn_dim_red,rc_agg,DotSig,"['BinaryF1Metric', 'BinaryPrecision', 'BinaryRecall', 'BinaryMCC', 'BinaryAccuracyMetric', 'BinaryAUPRCMetric', 'BinaryAUROCMetric']",25,5,2,24,0.02319617196917534,0.837518572807312,0.9684885144233704,0.6971583366394043,0.80781090259552,0.7027270197868347,0.9549282193183899,0.9557644128799438,0.80781090259552
2024-12-11 00:15:31,4.0h,b844fbeba7b745db909c403af628726b,exultant-dove-155,LOCAL,/home/spn1560/.conda/envs/hiec/lib/python3.11/site-packages/submitit/core/_submit.py,spn1560,FINISHED,None,True,sprhea,5,3,1234,80,1,rcmcs,sprhea_v3_folded_pt_ns/rcmcs_80/nm3_5fold,v3_folded_pt_ns,negative_sampling,0.0001,0.0001,0.001,"[BinaryF1Metric(task_weights=[[1.0]]), BinaryPrecision(task_weights=[[1.0]]), BinaryRecall(task_weights=[[1.0]]), BinaryMCC(task_weights=[[1.0]]), BinaryAccuracyMetric(task_weights=[[1.0]]), BinaryAUPRCMetric(task_weights=[[1.0]]), BinaryAUROCMetric(",LastAggregation,300,4,rxn_rc,BondMessagePassing,mpnn_dim_red,rc_agg,DotSig,"['BinaryF1Metric', 'BinaryPrecision', 'BinaryRecall', 'BinaryMCC', 'BinaryAccuracyMetric', 'BinaryAUPRCMetric', 'BinaryAUROCMetric']",25,3,2,24,0.006106148939579725,0.7969980835914612,0.9739258885383606,0.6099399328231812,0.7461817264556885,0.6395575404167175,0.9479052424430847,0.9439728856086731,0.7461817264556885
2024-12-11 00:11:17,4.0h,653035c2ee4e4fadb06dbb9a2d5e2f4c,enthused-crane-964,LOCAL,/home/spn1560/.conda/envs/hiec/lib/python3.11/site-packages/submitit/core/_submit.py,spn1560,FINISHED,None,True,sprhea,5,3,1234,80,1,rcmcs,sprhea_v3_folded_pt_ns/rcmcs_80/nm3_5fold,v3_folded_pt_ns,negative_sampling,0.0001,0.0001,0.001,"[BinaryF1Metric(task_weights=[[1.0]]), BinaryPrecision(task_weights=[[1.0]]), BinaryRecall(task_weights=[[1.0]]), BinaryMCC(task_weights=[[1.0]]), BinaryAccuracyMetric(task_weights=[[1.0]]), BinaryAUPRCMetric(task_weights=[[1.0]]), BinaryAUROCMetric(",LastAggregation,300,4,rxn_rc,BondMessagePassing,mpnn_dim_red,rc_agg,DotSig,"['BinaryF1Metric', 'BinaryPrecision', 'BinaryRecall', 'BinaryMCC', 'BinaryAccuracyMetric', 'BinaryAUPRCMetric', 'BinaryAUROCMetric']",25,1,2,24,0.0005481779808178544,0.7976258397102356,0.9744758605957031,0.6105557084083557,0.7467472553253174,0.6408151388168335,0.9485402703285217,0.9461555480957031,0.7467472553253174
2024-12-11 00:08:39,2.1h,1b11f3b463fb494e88e735f0aef80507,popular-zebra-600,LOCAL,/home/spn1560/.conda/envs/hiec/lib/python3.11/site-packages/submitit/core/_submit.py,spn1560,FINISHED,None,True,sprhea,5,1,1234,80,1,rcmcs,sprhea_v3_folded_pt_ns/rcmcs_80/nm1_5fold,v3_folded_pt_ns,negative_sampling,0.0001,0.0001,0.001,"[BinaryF1Metric(task_weights=[[1.0]]), BinaryPrecision(task_weights=[[1.0]]), BinaryRecall(task_weights=[[1.0]]), BinaryMCC(task_weights=[[1.0]]), BinaryAccuracyMetric(task_weights=[[1.0]]), BinaryAUPRCMetric(task_weights=[[1.0]]), BinaryAUROCMetric(",LastAggregation,300,4,rxn_rc,BondMessagePassing,mpnn_dim_red,rc_agg,DotSig,"['BinaryF1Metric', 'BinaryPrecision', 'BinaryRecall', 'BinaryMCC', 'BinaryAccuracyMetric', 'BinaryAUPRCMetric', 'BinaryAUROCMetric']",25,5,2,24,0.01126130111515522,0.8622954487800598,0.9557088017463684,0.7716859579086304,0.8517802953720093,0.7413550019264221,0.9562947154045105,0.9506723880767822,0.8517802953720093
2024-12-11 00:03:17,2.0h,21ccf4e0a8564d2e937a760fcc76b72a,valuable-gull-762,LOCAL,/home/spn1560/.conda/envs/hiec/lib/python3.11/site-packages/submitit/core/_submit.py,spn1560,FINISHED,None,True,sprhea,5,1,1234,80,1,rcmcs,sprhea_v3_folded_pt_ns/rcmcs_80/nm1_5fold,v3_folded_pt_ns,negative_sampling,0.0001,0.0001,0.001,"[BinaryF1Metric(task_weights=[[1.0]]), BinaryPrecision(task_weights=[[1.0]]), BinaryRecall(task_weights=[[1.0]]), BinaryMCC(task_weights=[[1.0]]), BinaryAccuracyMetric(task_weights=[[1.0]]), BinaryAUPRCMetric(task_weights=[[1.0]]), BinaryAUROCMetric(",LastAggregation,300,4,rxn_rc,BondMessagePassing,mpnn_dim_red,rc_agg,DotSig,"['BinaryF1Metric', 'BinaryPrecision', 'BinaryRecall', 'BinaryMCC', 'BinaryAccuracyMetric', 'BinaryAUPRCMetric', 'BinaryAUROCMetric']",25,3,2,24,0.002254100050777197,0.8295115232467651,0.954164981842041,0.7079358696937561,0.8099255561828613,0.6877508759498596,0.9523932337760925,0.950623631477356,0.8099255561828613
2024-12-10 22:55:40,2.0h,27d1721f76714729a18586491e384d92,chill-moth-618,LOCAL,/home/spn1560/.conda/envs/hiec/lib/python3.11/site-packages/submitit/core/_submit.py,spn1560,FINISHED,None,True,sprhea,5,1,1234,80,1,rcmcs,sprhea_v3_folded_pt_ns/rcmcs_80/nm1_5fold,v3_folded_pt_ns,negative_sampling,0.0001,0.0001,0.001,"[BinaryF1Metric(task_weights=[[1.0]]), BinaryPrecision(task_weights=[[1.0]]), BinaryRecall(task_weights=[[1.0]]), BinaryMCC(task_weights=[[1.0]]), BinaryAccuracyMetric(task_weights=[[1.0]]), BinaryAUPRCMetric(task_weights=[[1.0]]), BinaryAUROCMetric(",LastAggregation,300,4,rxn_rc,BondMessagePassing,mpnn_dim_red,rc_agg,DotSig,"['BinaryF1Metric', 'BinaryPrecision', 'BinaryRecall', 'BinaryMCC', 'BinaryAccuracyMetric', 'BinaryAUPRCMetric', 'BinaryAUROCMetric']",25,1,2,24,0.005422672256827354,0.8367371559143066,0.9618203043937683,0.7166863679885864,0.8186769485473633,0.7018418312072754,0.9571303129196167,0.9518446326255798,0.8186769485473633
2024-12-10 22:55:39,3.0h,e33195e9528f49f8a6ccb1584b0b9e36,able-stork-841,LOCAL,/home/spn1560/.conda/envs/hiec/lib/python3.11/site-packages/submitit/core/_submit.py,spn1560,FINISHED,None,True,sprhea,5,3,1234,80,0,rcmcs,sprhea_v3_folded_pt_ns/rcmcs_80/nm3_5fold,v3_folded_pt_ns,negative_sampling,0.0001,0.0001,0.001,"[BinaryF1Metric(task_weights=[[1.0]]), BinaryPrecision(task_weights=[[1.0]]), BinaryRecall(task_weights=[[1.0]]), BinaryMCC(task_weights=[[1.0]]), BinaryAccuracyMetric(task_weights=[[1.0]]), BinaryAUPRCMetric(task_weights=[[1.0]]), BinaryAUROCMetric(",LastAggregation,300,4,rxn_rc,BondMessagePassing,mpnn_dim_red,rc_agg,DotSig,"['BinaryF1Metric', 'BinaryPrecision', 'BinaryRecall', 'BinaryMCC', 'BinaryAccuracyMetric', 'BinaryAUPRCMetric', 'BinaryAUROCMetric']",25,5,2,24,0.0884099155664444,0.7772071957588196,0.9482928514480591,0.5865644216537476,0.7211083173751831,0.5988309383392334,0.925455629825592,0.9263200759887695,0.7211083173751831
2024-12-10 22:51:18,3.0h,dd0dc781d5414d178df03a603ce03648,capricious-rat-546,LOCAL,/home/spn1560/.conda/envs/hiec/lib/python3.11/site-packages/submitit/core/_submit.py,spn1560,FINISHED,None,True,sprhea,5,3,1234,80,0,rcmcs,sprhea_v3_folded_pt_ns/rcmcs_80/nm3_5fold,v3_folded_pt_ns,negative_sampling,0.0001,0.0001,0.001,"[BinaryF1Metric(task_weights=[[1.0]]), BinaryPrecision(task_weights=[[1.0]]), BinaryRecall(task_weights=[[1.0]]), BinaryMCC(task_weights=[[1.0]]), BinaryAccuracyMetric(task_weights=[[1.0]]), BinaryAUPRCMetric(task_weights=[[1.0]]), BinaryAUROCMetric(",LastAggregation,300,4,rxn_rc,BondMessagePassing,mpnn_dim_red,rc_agg,DotSig,"['BinaryF1Metric', 'BinaryPrecision', 'BinaryRecall', 'BinaryMCC', 'BinaryAccuracyMetric', 'BinaryAUPRCMetric', 'BinaryAUROCMetric']",25,3,2,24,0.010344605892896652,0.7547367215156555,0.9481619596481323,0.539193868637085,0.6832072734832764,0.5634395480155945,0.9196839928627014,0.9212636351585388,0.6832072734832764
2024-12-10 22:47:59,2.9h,c6a58ce7a7eb45d1a827638204cd053f,bittersweet-crane-60,LOCAL,/home/spn1560/.conda/envs/hiec/lib/python3.11/site-packages/submitit/core/_submit.py,spn1560,FINISHED,None,True,sprhea,5,3,1234,80,0,rcmcs,sprhea_v3_folded_pt_ns/rcmcs_80/nm3_5fold,v3_folded_pt_ns,negative_sampling,0.0001,0.0001,0.001,"[BinaryF1Metric(task_weights=[[1.0]]), BinaryPrecision(task_weights=[[1.0]]), BinaryRecall(task_weights=[[1.0]]), BinaryMCC(task_weights=[[1.0]]), BinaryAccuracyMetric(task_weights=[[1.0]]), BinaryAUPRCMetric(task_weights=[[1.0]]), BinaryAUROCMetric(",LastAggregation,300,4,rxn_rc,BondMessagePassing,mpnn_dim_red,rc_agg,DotSig,"['BinaryF1Metric', 'BinaryPrecision', 'BinaryRecall', 'BinaryMCC', 'BinaryAccuracyMetric', 'BinaryAUPRCMetric', 'BinaryAUROCMetric']",25,1,2,24,0.0006353579228743911,0.7024294137954712,0.9616788029670715,0.4219263195991516,0.5811803340911865,0.48729145526885986,0.924931526184082,0.927882730960846,0.5811803340911865
2024-12-10 22:45:48,2.0h,0a080ca7101546f3be2716ff64526085,overjoyed-chimp-905,LOCAL,/home/spn1560/.conda/envs/hiec/lib/python3.11/site-packages/submitit/core/_submit.py,spn1560,FINISHED,None,True,sprhea,5,1,1234,80,0,rcmcs,sprhea_v3_folded_pt_ns/rcmcs_80/nm1_5fold,v3_folded_pt_ns,negative_sampling,0.0001,0.0001,0.001,"[BinaryF1Metric(task_weights=[[1.0]]), BinaryPrecision(task_weights=[[1.0]]), BinaryRecall(task_weights=[[1.0]]), BinaryMCC(task_weights=[[1.0]]), BinaryAccuracyMetric(task_weights=[[1.0]]), BinaryAUPRCMetric(task_weights=[[1.0]]), BinaryAUROCMetric(",LastAggregation,300,4,rxn_rc,BondMessagePassing,mpnn_dim_red,rc_agg,DotSig,"['BinaryF1Metric', 'BinaryPrecision', 'BinaryRecall', 'BinaryMCC', 'BinaryAccuracyMetric', 'BinaryAUPRCMetric', 'BinaryAUROCMetric']",25,5,2,24,0.008653661236166954,0.8045586943626404,0.9285057783126831,0.6727957725524902,0.7771450281143188,0.6378821730613708,0.9222894906997681,0.9212544560432434,0.7771450281143188
2024-12-10 22:28:46,2.0h,cec47f7d0ac24bc783cacfd8317be3c0,abrasive-crow-214,LOCAL,/home/spn1560/.conda/envs/hiec/lib/python3.11/site-packages/submitit/core/_submit.py,spn1560,FINISHED,None,True,sprhea,5,1,1234,80,0,rcmcs,sprhea_v3_folded_pt_ns/rcmcs_80/nm1_5fold,v3_folded_pt_ns,negative_sampling,0.0001,0.0001,0.001,"[BinaryF1Metric(task_weights=[[1.0]]), BinaryPrecision(task_weights=[[1.0]]), BinaryRecall(task_weights=[[1.0]]), BinaryMCC(task_weights=[[1.0]]), BinaryAccuracyMetric(task_weights=[[1.0]]), BinaryAUPRCMetric(task_weights=[[1.0]]), BinaryAUROCMetric(",LastAggregation,300,4,rxn_rc,BondMessagePassing,mpnn_dim_red,rc_agg,DotSig,"['BinaryF1Metric', 'BinaryPrecision', 'BinaryRecall', 'BinaryMCC', 'BinaryAccuracyMetric', 'BinaryAUPRCMetric', 'BinaryAUROCMetric']",25,3,2,24,0.017558086663484573,0.7668125629425049,0.9291155338287354,0.5925593376159668,0.7197264432907104,0.5787568092346191,0.9134752154350281,0.9163155555725098,0.7197264432907104
2024-12-10 22:13:45,2.0h,545538966fa04f7193c41033d6e100c5,fun-crow-888,LOCAL,/home/spn1560/.conda/envs/hiec/lib/python3.11/site-packages/submitit/core/_submit.py,spn1560,FINISHED,None,True,sprhea,5,1,1234,80,0,rcmcs,sprhea_v3_folded_pt_ns/rcmcs_80/nm1_5fold,v3_folded_pt_ns,negative_sampling,0.0001,0.0001,0.001,"[BinaryF1Metric(task_weights=[[1.0]]), BinaryPrecision(task_weights=[[1.0]]), BinaryRecall(task_weights=[[1.0]]), BinaryMCC(task_weights=[[1.0]]), BinaryAccuracyMetric(task_weights=[[1.0]]), BinaryAUPRCMetric(task_weights=[[1.0]]), BinaryAUROCMetric(",LastAggregation,300,4,rxn_rc,BondMessagePassing,mpnn_dim_red,rc_agg,DotSig,"['BinaryF1Metric', 'BinaryPrecision', 'BinaryRecall', 'BinaryMCC', 'BinaryAccuracyMetric', 'BinaryAUPRCMetric', 'BinaryAUROCMetric']",25,1,2,24,0.006150406785309315,0.7808533906936646,0.9361662268638611,0.6169906258583069,0.7402508854866028,0.603477954864502,0.9172481894493103,0.9167345762252808,0.7402508854866028
