Start Time,Duration,Run ID,Name,Source Type,Source Name,User,Status,X_d_transform,batch_norm,data/dataset,data/embed_type,data/n_splits,data/neg_multiple,data/negative_sampling,data/seed,data/split_bounds,data/split_idx,data/split_strategy,data/subdir_patt,data/test_percent,data/toc,exp,final_lr,init_lr,max_lr,metrics,model/agg,model/d_h_encoder,model/encoder_depth,model/featurizer,model/message_passing,model/model,model/name,model/pred_head,model/radius,model/vec_len,reduce_X_d,training/metrics,training/n_epochs,training/pos_multiplier,warmup_epochs,epoch,train_loss,val/accuracy,val/binary_precision,val/binary_recall,val/f1,val/mcc,val/prc,val/roc,val_loss
10/13/2025 15:35,19.4h,6ba21a8e2d0b48838376b9bae6748017,bold-foal-933,LOCAL,/home/spn1560/hiec/scripts/train.py,spn1560,FINISHED,,,sprhea,esm,3,3,random,1234,"[100, 98, 97, 95]",0,esm,sprhea_v3_folded_pt_ns/esm/3fold,20,v3_folded_pt_ns,None,,,,,None,300,None,drfp,None,linear,drfp,DotSig,,2048,,"['BinaryF1Metric', 'BinaryPrecision', 'BinaryRecall', 'BinaryMCC', 'BinaryAccuracyMetric', 'BinaryAUPRCMetric', 'BinaryAUROCMetric']",25,3,,24,1.167937159538269,0.9009872674942017,0.9587085843086243,0.8378708362579346,0.8940860033035278,0.8083434700965881,0.9653966426849365,0.9627838730812073,0.8940860033035278
10/13/2025 15:35,6.6h,78b16283d7fe4317b747c6df4c2b417b,invincible-shoat-923,LOCAL,/home/spn1560/hiec/scripts/train.py,spn1560,FINISHED,,,sprhea,esm,3,3,random,1234,"[100, 98, 97, 95]",0,esm,sprhea_v3_folded_pt_ns/esm/3fold,20,v3_folded_pt_ns,None,,,,,None,300,None,mfp,None,linear,mfp,DotSig,2,2048,,"['BinaryF1Metric', 'BinaryPrecision', 'BinaryRecall', 'BinaryMCC', 'BinaryAccuracyMetric', 'BinaryAUPRCMetric', 'BinaryAUROCMetric']",25,3,,24,1.1777387857437134,0.9006428718566895,0.9629486799240112,0.8331313133239746,0.8931869864463806,0.8085847496986389,0.9686356782913208,0.9673327207565308,0.8931869864463806
10/13/2025 14:03,13.2h,35751dd210f94c77b9d7be8994162c0b,skillful-trout-927,LOCAL,/home/spn1560/hiec/scripts/train.py,spn1560,FINISHED,None,TRUE,sprhea,esm,3,3,random,1234,"[100, 98, 97, 95]",0,esm,sprhea_v3_folded_pt_ns/esm/3fold,20,v3_folded_pt_ns,None,0.0001,0.0001,0.001,"[BinaryF1Metric(task_weights=[[1.0]]), BinaryPrecision(task_weights=[[1.0]]), BinaryRecall(task_weights=[[1.0]]), BinaryMCC(task_weights=[[1.0]]), BinaryAccuracyMetric(task_weights=[[1.0]]), BinaryAUPRCMetric(task_weights=[[1.0]]), BinaryAUROCMetric(",MeanAggregation,300,6,cgr,BondMessagePassing,mpnn_dim_red,cgr,DotSig,,,"LinDimRed(
  (linear_layer): Linear(in_features=1280, out_features=300, bias=True)
)","['BinaryF1Metric', 'BinaryPrecision', 'BinaryRecall', 'BinaryMCC', 'BinaryAccuracyMetric', 'BinaryAUPRCMetric', 'BinaryAUROCMetric']",25,3,2,24,0.001560238,0.9163700938224792,0.9745261669158936,0.8549745082855225,0.9107357263565063,0.8390002250671387,0.9809104800224304,0.9801129102706909,0.9107357263565063
10/13/2025 13:53,16.8h,0312ce9761d64c009ffc0e5179fcb423,delicate-cod-249,LOCAL,/home/spn1560/hiec/scripts/train.py,spn1560,FINISHED,None,TRUE,sprhea,esm,3,3,random,1234,"[100, 98, 97, 95]",0,esm,sprhea_v3_folded_pt_ns/esm/3fold,20,v3_folded_pt_ns,None,0.0001,0.0001,0.001,"[BinaryF1Metric(task_weights=[[1.0]]), BinaryPrecision(task_weights=[[1.0]]), BinaryRecall(task_weights=[[1.0]]), BinaryMCC(task_weights=[[1.0]]), BinaryAccuracyMetric(task_weights=[[1.0]]), BinaryAUPRCMetric(task_weights=[[1.0]]), BinaryAUROCMetric(",MeanAggregation,300,6,rxn_simple,BondMessagePassing,mpnn_dim_red,bom,DotSig,,,"LinDimRed(
  (linear_layer): Linear(in_features=1280, out_features=300, bias=True)
)","['BinaryF1Metric', 'BinaryPrecision', 'BinaryRecall', 'BinaryMCC', 'BinaryAccuracyMetric', 'BinaryAUPRCMetric', 'BinaryAUROCMetric']",25,3,2,24,0.00664568,0.9107450246810913,0.9715486168861389,0.8460469841957092,0.9043067693710327,0.8283519148826599,0.9764134883880615,0.9755002856254578,0.9043067693710327
10/13/2025 11:11,11.7h,fd693b7a889f420fb173cc4976f1bf35,gaudy-grouse-179,LOCAL,/home/spn1560/hiec/scripts/train.py,spn1560,FINISHED,None,TRUE,sprhea,esm,3,3,random,1234,"[100, 98, 97, 95]",0,esm,sprhea_v3_folded_pt_ns/esm/3fold,20,v3_folded_pt_ns,None,0.0001,0.0001,0.001,"[BinaryF1Metric(task_weights=[[1.0]]), BinaryPrecision(task_weights=[[1.0]]), BinaryRecall(task_weights=[[1.0]]), BinaryMCC(task_weights=[[1.0]]), BinaryAccuracyMetric(task_weights=[[1.0]]), BinaryAUPRCMetric(task_weights=[[1.0]]), BinaryAUROCMetric(",LastAggregation,300,4,rxn_rc,BondMessagePassing,mpnn_dim_red,rc_agg,DotSig,,,"LinDimRed(
  (linear_layer): Linear(in_features=1280, out_features=300, bias=True)
)","['BinaryF1Metric', 'BinaryPrecision', 'BinaryRecall', 'BinaryMCC', 'BinaryAccuracyMetric', 'BinaryAUPRCMetric', 'BinaryAUROCMetric']",25,3,2,24,0.0149145,0.9253817200660706,0.9776365756988525,0.8707214593887329,0.9209659695625305,0.8559179902076721,0.982134223,0.9837592244148254,0.9209659695625305
10/13/2025 11:11,17.1h,6694ca03df624497953e8be7e39fb690,unique-kite-513,LOCAL,/home/spn1560/hiec/scripts/train.py,spn1560,FINISHED,None,TRUE,sprhea,esm,3,3,random,1234,"[100, 98, 97, 95]",0,esm,sprhea_v3_folded_pt_ns/esm/3fold,20,v3_folded_pt_ns,None,0.0001,0.0001,0.001,"[BinaryF1Metric(task_weights=[[1.0]]), BinaryPrecision(task_weights=[[1.0]]), BinaryRecall(task_weights=[[1.0]]), BinaryMCC(task_weights=[[1.0]]), BinaryAccuracyMetric(task_weights=[[1.0]]), BinaryAUPRCMetric(task_weights=[[1.0]]), BinaryAUROCMetric(",MeanAggregation,300,6,rxn_rc,BondMessagePassing,mpnn_dim_red,rc_cxn,DotSig,,,"LinDimRed(
  (linear_layer): Linear(in_features=1280, out_features=300, bias=True)
)","['BinaryF1Metric', 'BinaryPrecision', 'BinaryRecall', 'BinaryMCC', 'BinaryAccuracyMetric', 'BinaryAUPRCMetric', 'BinaryAUROCMetric']",25,3,2,24,0.003190064,0.9160830974578857,0.9759439826011658,0.8530148267745972,0.9102266430854797,0.8387783765792847,0.981455386,0.9815549254417419,0.9102266430854797
10/13/2025 11:11,10.6h,aec8a9ca120a4d30ac99fe8fca1f7b63,enchanting-bug-142,LOCAL,/home/spn1560/hiec/scripts/train.py,spn1560,FINISHED,None,TRUE,sprhea,esm,3,3,random,1234,"[100, 80, 60, 40]",0,drfp,sprhea_v3_folded_pt_ns/drfp/3fold,20,v3_folded_pt_ns,None,0.0001,0.0001,0.001,"[BinaryF1Metric(task_weights=[[1.0]]), BinaryPrecision(task_weights=[[1.0]]), BinaryRecall(task_weights=[[1.0]]), BinaryMCC(task_weights=[[1.0]]), BinaryAccuracyMetric(task_weights=[[1.0]]), BinaryAUPRCMetric(task_weights=[[1.0]]), BinaryAUROCMetric(",LastAggregation,300,4,rxn_rc,BondMessagePassing,mpnn_dim_red,rc_agg,DotSig,,,"LinDimRed(
  (linear_layer): Linear(in_features=1280, out_features=300, bias=True)
)","['BinaryF1Metric', 'BinaryPrecision', 'BinaryRecall', 'BinaryMCC', 'BinaryAccuracyMetric', 'BinaryAUPRCMetric', 'BinaryAUROCMetric']",25,3,2,24,0.004065369,0.8850619792938232,0.9734025001525879,0.7918310761451721,0.8730337619781494,0.783777118,0.9707458019256592,0.9712816476821899,0.8730337619781494
10/13/2025 11:11,14.1h,65261323c12646998504e370a16b1ea0,masked-pig-188,LOCAL,/home/spn1560/hiec/scripts/train.py,spn1560,FINISHED,None,TRUE,sprhea,esm,3,3,random,1234,"[100, 80, 60, 40]",0,drfp,sprhea_v3_folded_pt_ns/drfp/3fold,20,v3_folded_pt_ns,None,0.0001,0.0001,0.001,"[BinaryF1Metric(task_weights=[[1.0]]), BinaryPrecision(task_weights=[[1.0]]), BinaryRecall(task_weights=[[1.0]]), BinaryMCC(task_weights=[[1.0]]), BinaryAccuracyMetric(task_weights=[[1.0]]), BinaryAUPRCMetric(task_weights=[[1.0]]), BinaryAUROCMetric(",MeanAggregation,300,6,rxn_simple,BondMessagePassing,mpnn_dim_red,bom,DotSig,,,"LinDimRed(
  (linear_layer): Linear(in_features=1280, out_features=300, bias=True)
)","['BinaryF1Metric', 'BinaryPrecision', 'BinaryRecall', 'BinaryMCC', 'BinaryAccuracyMetric', 'BinaryAUPRCMetric', 'BinaryAUROCMetric']",25,3,2,24,0.05549667,0.8796501755714417,0.9707271456718445,0.782843828,0.866471529,0.7736719250679016,0.9671071171760559,0.9663741588592529,0.866471529
10/13/2025 11:11,16.6h,4775a790d24642c2ad2da19fea3abaf2,nebulous-owl-729,LOCAL,/home/spn1560/hiec/scripts/train.py,spn1560,FINISHED,,,sprhea,esm,3,3,random,1234,"[100, 80, 60, 40]",0,drfp,sprhea_v3_folded_pt_ns/drfp/3fold,20,v3_folded_pt_ns,None,,,,,None,300,None,drfp,None,linear,drfp,DotSig,,2048,,"['BinaryF1Metric', 'BinaryPrecision', 'BinaryRecall', 'BinaryMCC', 'BinaryAccuracyMetric', 'BinaryAUPRCMetric', 'BinaryAUROCMetric']",25,3,,24,1.2974995374679565,0.8256039023399353,0.9593876600265503,0.6803911924362183,0.7957503795623779,0.6806620955467224,0.9452858567237854,0.9409493803977966,0.7957503795623779
10/13/2025 11:11,14.9h,bb55e8301105445c82cb289260f06025,adorable-kit-703,LOCAL,/home/spn1560/hiec/scripts/train.py,spn1560,FINISHED,None,TRUE,sprhea,esm,3,3,random,1234,"[100, 80, 60, 40]",0,drfp,sprhea_v3_folded_pt_ns/drfp/3fold,20,v3_folded_pt_ns,None,0.0001,0.0001,0.001,"[BinaryF1Metric(task_weights=[[1.0]]), BinaryPrecision(task_weights=[[1.0]]), BinaryRecall(task_weights=[[1.0]]), BinaryMCC(task_weights=[[1.0]]), BinaryAccuracyMetric(task_weights=[[1.0]]), BinaryAUPRCMetric(task_weights=[[1.0]]), BinaryAUROCMetric(",MeanAggregation,300,6,rxn_rc,BondMessagePassing,mpnn_dim_red,rc_cxn,DotSig,,,"LinDimRed(
  (linear_layer): Linear(in_features=1280, out_features=300, bias=True)
)","['BinaryF1Metric', 'BinaryPrecision', 'BinaryRecall', 'BinaryMCC', 'BinaryAccuracyMetric', 'BinaryAUPRCMetric', 'BinaryAUROCMetric']",25,3,2,24,0.018660335,0.8532721400260925,0.97363174,0.7259621620178223,0.8313530087471008,0.7302456498146057,0.9691975116729736,0.9703519344329834,0.8313530087471008
10/13/2025 11:11,5.9h,85ce37ffa9e24bb1a71287a0a01568a3,legendary-cub-312,LOCAL,/home/spn1560/hiec/scripts/train.py,spn1560,FINISHED,,,sprhea,esm,3,3,random,1234,"[100, 80, 60, 40]",0,drfp,sprhea_v3_folded_pt_ns/drfp/3fold,20,v3_folded_pt_ns,None,,,,,None,300,None,mfp,None,linear,mfp,DotSig,2,2048,,"['BinaryF1Metric', 'BinaryPrecision', 'BinaryRecall', 'BinaryMCC', 'BinaryAccuracyMetric', 'BinaryAUPRCMetric', 'BinaryAUROCMetric']",25,3,,24,1.2248114347457886,0.8370009064674377,0.9654057621955872,0.6990589499473572,0.8104957342147827,0.7009652256965637,0.957689106,0.9574831128120422,0.8104957342147827
10/13/2025 11:11,9.8h,ceaf938efda24ae3a378127e50cfdc63,overjoyed-shrew-59,LOCAL,/home/spn1560/hiec/scripts/train.py,spn1560,FINISHED,None,TRUE,sprhea,esm,3,3,random,1234,"[100, 80, 60, 40]",0,drfp,sprhea_v3_folded_pt_ns/drfp/3fold,20,v3_folded_pt_ns,None,0.0001,0.0001,0.001,"[BinaryF1Metric(task_weights=[[1.0]]), BinaryPrecision(task_weights=[[1.0]]), BinaryRecall(task_weights=[[1.0]]), BinaryMCC(task_weights=[[1.0]]), BinaryAccuracyMetric(task_weights=[[1.0]]), BinaryAUPRCMetric(task_weights=[[1.0]]), BinaryAUROCMetric(",MeanAggregation,300,6,cgr,BondMessagePassing,mpnn_dim_red,cgr,DotSig,,,"LinDimRed(
  (linear_layer): Linear(in_features=1280, out_features=300, bias=True)
)","['BinaryF1Metric', 'BinaryPrecision', 'BinaryRecall', 'BinaryMCC', 'BinaryAccuracyMetric', 'BinaryAUPRCMetric', 'BinaryAUROCMetric']",25,3,2,24,0.089808129,0.8512293100357056,0.9698756337165833,0.7245051264762878,0.8289871215820312,0.7256579399108887,0.9654788970947266,0.9657726287841797,0.8289871215820312
10/10/2025 5:27,18.3h,acdbfe7902dd4ccba8efa806ea7acf05,unruly-sheep-582,LOCAL,/home/spn1560/hiec/scripts/train.py,spn1560,FINISHED,,,sprhea,esm,3,3,alternate_reaction_center,1234,None,0,random_reaction,sprhea_v3_folded_pt_ns/random_reaction_alternate_reaction_center/3fold,20,v3_folded_pt_ns,None,,,,,None,300,None,drfp,None,linear,drfp,DotSig,,2048,,"['BinaryF1Metric', 'BinaryPrecision', 'BinaryRecall', 'BinaryMCC', 'BinaryAccuracyMetric', 'BinaryAUPRCMetric', 'BinaryAUROCMetric']",25,3,,24,1.5195460319519043,0.8848693370819092,0.9015268087387085,0.8643202185630798,0.8822886347770691,0.7705128192901611,0.9276418685913086,0.9130663871765137,0.8822886347770691
10/10/2025 5:27,5.3h,51b8913763c94154bc430f5c5d5d2b6a,peaceful-gnat-694,LOCAL,/home/spn1560/hiec/scripts/train.py,spn1560,FINISHED,,,sprhea,esm,3,3,alternate_reaction_center,1234,None,0,random_reaction,sprhea_v3_folded_pt_ns/random_reaction_alternate_reaction_center/3fold,20,v3_folded_pt_ns,None,,,,,None,300,None,mfp,None,linear,mfp,DotSig,2,2048,,"['BinaryF1Metric', 'BinaryPrecision', 'BinaryRecall', 'BinaryMCC', 'BinaryAccuracyMetric', 'BinaryAUPRCMetric', 'BinaryAUROCMetric']",25,3,,24,1.5195434093475342,0.8846563696861267,0.8912530541419983,0.8760305047035217,0.8833346962928772,0.7694705128669739,0.9230239391326904,0.9111566543579102,0.8833346962928772
10/10/2025 5:27,11.1h,182988b80e9340a1ad87523068469839,inquisitive-colt-984,LOCAL,/home/spn1560/hiec/scripts/train.py,spn1560,FINISHED,None,TRUE,sprhea,esm,3,3,alternate_reaction_center,1234,None,0,random_reaction,sprhea_v3_folded_pt_ns/random_reaction_alternate_reaction_center/3fold,20,v3_folded_pt_ns,None,0.0001,0.0001,0.001,"[BinaryF1Metric(task_weights=[[1.0]]), BinaryPrecision(task_weights=[[1.0]]), BinaryRecall(task_weights=[[1.0]]), BinaryMCC(task_weights=[[1.0]]), BinaryAccuracyMetric(task_weights=[[1.0]]), BinaryAUPRCMetric(task_weights=[[1.0]]), BinaryAUROCMetric(",MeanAggregation,300,6,cgr,BondMessagePassing,mpnn_dim_red,cgr,DotSig,,,"LinDimRed(
  (linear_layer): Linear(in_features=1280, out_features=300, bias=True)
)","['BinaryF1Metric', 'BinaryPrecision', 'BinaryRecall', 'BinaryMCC', 'BinaryAccuracyMetric', 'BinaryAUPRCMetric', 'BinaryAUROCMetric']",25,3,2,24,0.045822568237781525,0.9184890389442444,0.9605830311775208,0.8729555010795593,0.9145172834396362,0.8404809832572937,0.9731630682945251,0.9761701226234436,0.9145172834396362
10/10/2025 5:10,22.6h,e295299375284c2cb2ec591f6e099bb9,suave-hare-751,LOCAL,/home/spn1560/hiec/scripts/train.py,spn1560,FINISHED,None,TRUE,sprhea,esm,3,3,alternate_reaction_center,1234,None,0,random_reaction,sprhea_v3_folded_pt_ns/random_reaction_alternate_reaction_center/3fold,20,v3_folded_pt_ns,None,0.0001,0.0001,0.001,"[BinaryF1Metric(task_weights=[[1.0]]), BinaryPrecision(task_weights=[[1.0]]), BinaryRecall(task_weights=[[1.0]]), BinaryMCC(task_weights=[[1.0]]), BinaryAccuracyMetric(task_weights=[[1.0]]), BinaryAUPRCMetric(task_weights=[[1.0]]), BinaryAUROCMetric(",MeanAggregation,300,6,rxn_simple,BondMessagePassing,mpnn_dim_red,bom,DotSig,,,"LinDimRed(
  (linear_layer): Linear(in_features=1280, out_features=300, bias=True)
)","['BinaryF1Metric', 'BinaryPrecision', 'BinaryRecall', 'BinaryMCC', 'BinaryAccuracyMetric', 'BinaryAUPRCMetric', 'BinaryAUROCMetric']",25,3,2,24,0.041615672409534454,0.810245693,0.9088492393493652,0.6895918250083923,0.7837857007980347,0.6393487453460693,0.9185462,0.9348990321159363,0.7837857007980347
10/10/2025 4:54,17.2h,909f28bcb54a435ca475a2b51a3429f0,overjoyed-whale-136,LOCAL,/home/spn1560/hiec/scripts/train.py,spn1560,FINISHED,None,TRUE,sprhea,esm,3,3,alternate_reaction_center,1234,None,0,random_reaction,sprhea_v3_folded_pt_ns/random_reaction_alternate_reaction_center/3fold,20,v3_folded_pt_ns,None,0.0001,0.0001,0.001,"[BinaryF1Metric(task_weights=[[1.0]]), BinaryPrecision(task_weights=[[1.0]]), BinaryRecall(task_weights=[[1.0]]), BinaryMCC(task_weights=[[1.0]]), BinaryAccuracyMetric(task_weights=[[1.0]]), BinaryAUPRCMetric(task_weights=[[1.0]]), BinaryAUROCMetric(",MeanAggregation,300,6,rxn_rc,BondMessagePassing,mpnn_dim_red,rc_cxn,DotSig,,,"LinDimRed(
  (linear_layer): Linear(in_features=1280, out_features=300, bias=True)
)","['BinaryF1Metric', 'BinaryPrecision', 'BinaryRecall', 'BinaryMCC', 'BinaryAccuracyMetric', 'BinaryAUPRCMetric', 'BinaryAUROCMetric']",25,3,2,24,0.062630989,0.9304885268211365,0.9683810472488403,0.8900181651115417,0.9273774027824402,0.8638392090797424,0.9777986407279968,0.9778628945350647,0.9273774027824402
10/10/2025 4:54,12.2h,ebf81f3dce084e6794b7488e38858de4,unruly-bee-835,LOCAL,/home/spn1560/hiec/scripts/train.py,spn1560,FINISHED,None,TRUE,sprhea,esm,3,3,alternate_reaction_center,1234,None,0,random_reaction,sprhea_v3_folded_pt_ns/random_reaction_alternate_reaction_center/3fold,20,v3_folded_pt_ns,None,0.0001,0.0001,0.001,"[BinaryF1Metric(task_weights=[[1.0]]), BinaryPrecision(task_weights=[[1.0]]), BinaryRecall(task_weights=[[1.0]]), BinaryMCC(task_weights=[[1.0]]), BinaryAccuracyMetric(task_weights=[[1.0]]), BinaryAUPRCMetric(task_weights=[[1.0]]), BinaryAUROCMetric(",LastAggregation,300,4,rxn_rc,BondMessagePassing,mpnn_dim_red,rc_agg,DotSig,,,"LinDimRed(
  (linear_layer): Linear(in_features=1280, out_features=300, bias=True)
)","['BinaryF1Metric', 'BinaryPrecision', 'BinaryRecall', 'BinaryMCC', 'BinaryAccuracyMetric', 'BinaryAUPRCMetric', 'BinaryAUROCMetric']",25,3,2,24,0.12893372774124146,0.9331865906715393,0.960875928,0.9031180739402771,0.9310027360916138,0.8678410053253174,0.9772111177444458,0.9788067936897278,0.9310027360916138
10/10/2025 2:35,5.3h,aaa47f28cd304f30ab3f863ed5c21cee,fortunate-snipe-692,LOCAL,/home/spn1560/hiec/scripts/train.py,spn1560,FINISHED,,,sprhea,esm,3,3,alternate_reaction_center,1234,None,0,random_reaction_center,sprhea_v3_folded_pt_ns/random_reaction_center_alternate_reaction_center/3fold,20,v3_folded_pt_ns,None,,,,,None,300,None,mfp,None,linear,mfp,DotSig,2,2048,,"['BinaryF1Metric', 'BinaryPrecision', 'BinaryRecall', 'BinaryMCC', 'BinaryAccuracyMetric', 'BinaryAUPRCMetric', 'BinaryAUROCMetric']",25,3,,24,1.1881442070007324,0.6445921659469604,0.7521632313728333,0.4317598342895508,0.5479201078414917,0.31977349519729614,0.7698252201080322,0.7389897108078003,0.5479201078414917
10/10/2025 1:35,21.7h,76ef6a5afb4c4dac886b2c2b148f73eb,righteous-bug-247,LOCAL,/home/spn1560/hiec/scripts/train.py,spn1560,FINISHED,,,sprhea,esm,3,3,alternate_reaction_center,1234,None,0,random_reaction_center,sprhea_v3_folded_pt_ns/random_reaction_center_alternate_reaction_center/3fold,20,v3_folded_pt_ns,None,,,,,None,300,None,drfp,None,linear,drfp,DotSig,,2048,,"['BinaryF1Metric', 'BinaryPrecision', 'BinaryRecall', 'BinaryMCC', 'BinaryAccuracyMetric', 'BinaryAUPRCMetric', 'BinaryAUROCMetric']",25,3,,24,1.149338960647583,0.81417793,0.8198201060295105,0.805344284,0.8122098445892334,0.6284754276275635,0.8711259365081787,0.8419722318649292,0.8122098445892334
10/10/2025 1:08,12.8h,3edfcdcf50354b1cb375c93bfd685b20,dashing-hound-639,LOCAL,/home/spn1560/hiec/scripts/train.py,spn1560,FINISHED,None,TRUE,sprhea,esm,3,3,alternate_reaction_center,1234,None,0,random_reaction_center,sprhea_v3_folded_pt_ns/random_reaction_center_alternate_reaction_center/3fold,20,v3_folded_pt_ns,None,0.0001,0.0001,0.001,"[BinaryF1Metric(task_weights=[[1.0]]), BinaryPrecision(task_weights=[[1.0]]), BinaryRecall(task_weights=[[1.0]]), BinaryMCC(task_weights=[[1.0]]), BinaryAccuracyMetric(task_weights=[[1.0]]), BinaryAUPRCMetric(task_weights=[[1.0]]), BinaryAUROCMetric(",MeanAggregation,300,6,cgr,BondMessagePassing,mpnn_dim_red,cgr,DotSig,,,"LinDimRed(
  (linear_layer): Linear(in_features=1280, out_features=300, bias=True)
)","['BinaryF1Metric', 'BinaryPrecision', 'BinaryRecall', 'BinaryMCC', 'BinaryAccuracyMetric', 'BinaryAUPRCMetric', 'BinaryAUROCMetric']",25,3,2,24,0.070244789,0.8056443333625793,0.88967365,0.6980703473091125,0.781998873,0.6259817481040955,0.8802614808082581,0.8918843865394592,0.781998873
10/9/2025 23:18,17.6h,0d6226ad15e643658892b8d6d4b2e0ba,sincere-asp-171,LOCAL,/home/spn1560/hiec/scripts/train.py,spn1560,FINISHED,None,TRUE,sprhea,esm,3,3,alternate_reaction_center,1234,None,0,random_reaction_center,sprhea_v3_folded_pt_ns/random_reaction_center_alternate_reaction_center/3fold,20,v3_folded_pt_ns,None,0.0001,0.0001,0.001,"[BinaryF1Metric(task_weights=[[1.0]]), BinaryPrecision(task_weights=[[1.0]]), BinaryRecall(task_weights=[[1.0]]), BinaryMCC(task_weights=[[1.0]]), BinaryAccuracyMetric(task_weights=[[1.0]]), BinaryAUPRCMetric(task_weights=[[1.0]]), BinaryAUROCMetric(",MeanAggregation,300,6,rxn_simple,BondMessagePassing,mpnn_dim_red,bom,DotSig,,,"LinDimRed(
  (linear_layer): Linear(in_features=1280, out_features=300, bias=True)
)","['BinaryF1Metric', 'BinaryPrecision', 'BinaryRecall', 'BinaryMCC', 'BinaryAccuracyMetric', 'BinaryAUPRCMetric', 'BinaryAUROCMetric']",25,3,2,24,0.038437176,0.8564625382423401,0.8468099236488342,0.8708733320236206,0.8584169745445251,0.7132810354232788,0.8786382675170898,0.905018687,0.8584169745445251
10/9/2025 21:38,19.0h,3ef970f6de9e4401b07a3aa8cd12c674,youthful-snake-172,LOCAL,/home/spn1560/hiec/scripts/train.py,spn1560,FINISHED,None,TRUE,sprhea,esm,3,3,alternate_reaction_center,1234,None,0,random_reaction_center,sprhea_v3_folded_pt_ns/random_reaction_center_alternate_reaction_center/3fold,20,v3_folded_pt_ns,None,0.0001,0.0001,0.001,"[BinaryF1Metric(task_weights=[[1.0]]), BinaryPrecision(task_weights=[[1.0]]), BinaryRecall(task_weights=[[1.0]]), BinaryMCC(task_weights=[[1.0]]), BinaryAccuracyMetric(task_weights=[[1.0]]), BinaryAUPRCMetric(task_weights=[[1.0]]), BinaryAUROCMetric(",MeanAggregation,300,6,rxn_rc,BondMessagePassing,mpnn_dim_red,rc_cxn,DotSig,,,"LinDimRed(
  (linear_layer): Linear(in_features=1280, out_features=300, bias=True)
)","['BinaryF1Metric', 'BinaryPrecision', 'BinaryRecall', 'BinaryMCC', 'BinaryAccuracyMetric', 'BinaryAUPRCMetric', 'BinaryAUROCMetric']",25,3,2,24,0.079186447,0.6270455121994019,0.8745971322059631,0.2969991862773895,0.44266393780708313,0.3383543789386749,0.8210592269897461,0.8400908708572388,0.44266393780708313
10/9/2025 21:34,13.0h,d35bcdab4bc5427ebe71d002e0c1b22a,intrigued-donkey-639,LOCAL,/home/spn1560/hiec/scripts/train.py,spn1560,FINISHED,None,TRUE,sprhea,esm,3,3,alternate_reaction_center,1234,None,0,random_reaction_center,sprhea_v3_folded_pt_ns/random_reaction_center_alternate_reaction_center/3fold,20,v3_folded_pt_ns,None,0.0001,0.0001,0.001,"[BinaryF1Metric(task_weights=[[1.0]]), BinaryPrecision(task_weights=[[1.0]]), BinaryRecall(task_weights=[[1.0]]), BinaryMCC(task_weights=[[1.0]]), BinaryAccuracyMetric(task_weights=[[1.0]]), BinaryAUPRCMetric(task_weights=[[1.0]]), BinaryAUROCMetric(",LastAggregation,300,4,rxn_rc,BondMessagePassing,mpnn_dim_red,rc_agg,DotSig,,,"LinDimRed(
  (linear_layer): Linear(in_features=1280, out_features=300, bias=True)
)","['BinaryF1Metric', 'BinaryPrecision', 'BinaryRecall', 'BinaryMCC', 'BinaryAccuracyMetric', 'BinaryAUPRCMetric', 'BinaryAUROCMetric']",25,3,2,24,0.021878361701965332,0.8096714615821838,0.9007883071899414,0.6959397196769714,0.7847670316696167,0.6360679268836975,0.9040136933326721,0.9052376747131348,0.7847670316696167
10/9/2025 21:04,10.9h,ac4018e22f994c26921bc3a3a0797d58,invincible-kit-431,LOCAL,/home/spn1560/hiec/scripts/train.py,spn1560,FINISHED,,,sprhea,esm,3,3,alternate_reaction_center,1234,None,-1,random_reaction,sprhea_v3_folded_pt_ns/random_reaction_alternate_reaction_center/3fold,20,v3_folded_pt_ns,None,,,,,None,300,None,mfp,None,linear,mfp,DotSig,2,2048,,"['BinaryF1Metric', 'BinaryPrecision', 'BinaryRecall', 'BinaryMCC', 'BinaryAccuracyMetric', 'BinaryAUPRCMetric', 'BinaryAUROCMetric']",25,3,,24,1.091811180114746,0.878126323,0.45277759432792664,0.7102885246276855,0.550882101,0.5021983981132507,0.5882448554039001,0.8770371079444885,0.550882101
10/9/2025 21:04,1.7d,b036364095f945ebb7b326e8376167b9,loud-wren-930,LOCAL,/home/spn1560/hiec/scripts/train.py,spn1560,FINISHED,,,sprhea,esm,3,3,alternate_reaction_center,1234,None,-1,random_reaction,sprhea_v3_folded_pt_ns/random_reaction_alternate_reaction_center/3fold,20,v3_folded_pt_ns,None,,,,,None,300,None,drfp,None,linear,drfp,DotSig,,2048,,"['BinaryF1Metric', 'BinaryPrecision', 'BinaryRecall', 'BinaryMCC', 'BinaryAccuracyMetric', 'BinaryAUPRCMetric', 'BinaryAUROCMetric']",25,3,,24,1.091811180114746,0.8813809156417847,0.46590545773506165,0.809641421,0.5896320939064026,0.554770291,0.6491467952728271,0.8665088415145874,0.5896320939064026
10/9/2025 20:30,1.4d,e35758e78f444ffcb352891483f11dcd,bittersweet-flea-854,LOCAL,/home/spn1560/hiec/scripts/train.py,spn1560,FINISHED,None,TRUE,sprhea,esm,3,3,alternate_reaction_center,1234,None,-1,random_reaction,sprhea_v3_folded_pt_ns/random_reaction_alternate_reaction_center/3fold,20,v3_folded_pt_ns,None,0.0001,0.0001,0.001,"[BinaryF1Metric(task_weights=[[1.0]]), BinaryPrecision(task_weights=[[1.0]]), BinaryRecall(task_weights=[[1.0]]), BinaryMCC(task_weights=[[1.0]]), BinaryAccuracyMetric(task_weights=[[1.0]]), BinaryAUPRCMetric(task_weights=[[1.0]]), BinaryAUROCMetric(",MeanAggregation,300,6,rxn_simple,BondMessagePassing,mpnn_dim_red,bom,DotSig,,,"LinDimRed(
  (linear_layer): Linear(in_features=1280, out_features=300, bias=True)
)","['BinaryF1Metric', 'BinaryPrecision', 'BinaryRecall', 'BinaryMCC', 'BinaryAccuracyMetric', 'BinaryAUPRCMetric', 'BinaryAUROCMetric']",25,3,2,24,0.034735579043626785,0.9318872690200806,0.6366547346115112,0.833004892,0.7199307084083557,0.6910333037376404,0.7822930812835693,0.9628705978393555,0.7199307084083557
10/9/2025 20:29,1.0d,e8554547daa542a091131c518dcf002a,fun-hound-434,LOCAL,/home/spn1560/hiec/scripts/train.py,spn1560,FINISHED,None,TRUE,sprhea,esm,3,3,alternate_reaction_center,1234,None,-1,random_reaction,sprhea_v3_folded_pt_ns/random_reaction_alternate_reaction_center/3fold,20,v3_folded_pt_ns,None,0.0001,0.0001,0.001,"[BinaryF1Metric(task_weights=[[1.0]]), BinaryPrecision(task_weights=[[1.0]]), BinaryRecall(task_weights=[[1.0]]), BinaryMCC(task_weights=[[1.0]]), BinaryAccuracyMetric(task_weights=[[1.0]]), BinaryAUPRCMetric(task_weights=[[1.0]]), BinaryAUROCMetric(",MeanAggregation,300,6,cgr,BondMessagePassing,mpnn_dim_red,cgr,DotSig,,,"LinDimRed(
  (linear_layer): Linear(in_features=1280, out_features=300, bias=True)
)","['BinaryF1Metric', 'BinaryPrecision', 'BinaryRecall', 'BinaryMCC', 'BinaryAccuracyMetric', 'BinaryAUPRCMetric', 'BinaryAUROCMetric']",25,3,2,24,0.006154615,0.9642650485038757,0.7931567430496216,0.896196723,0.840142012,0.8228976130485535,0.8869229555130005,0.9818774461746216,0.840142012
10/9/2025 18:41,1.6d,575b67f3c7ac4d3b896a5a6e2ecf9350,adventurous-jay-274,LOCAL,/home/spn1560/hiec/scripts/train.py,spn1560,FINISHED,None,TRUE,sprhea,esm,3,3,alternate_reaction_center,1234,None,-1,random_reaction,sprhea_v3_folded_pt_ns/random_reaction_alternate_reaction_center/3fold,20,v3_folded_pt_ns,None,0.0001,0.0001,0.001,"[BinaryF1Metric(task_weights=[[1.0]]), BinaryPrecision(task_weights=[[1.0]]), BinaryRecall(task_weights=[[1.0]]), BinaryMCC(task_weights=[[1.0]]), BinaryAccuracyMetric(task_weights=[[1.0]]), BinaryAUPRCMetric(task_weights=[[1.0]]), BinaryAUROCMetric(",MeanAggregation,300,6,rxn_rc,BondMessagePassing,mpnn_dim_red,rc_cxn,DotSig,,,"LinDimRed(
  (linear_layer): Linear(in_features=1280, out_features=300, bias=True)
)","['BinaryF1Metric', 'BinaryPrecision', 'BinaryRecall', 'BinaryMCC', 'BinaryAccuracyMetric', 'BinaryAUPRCMetric', 'BinaryAUROCMetric']",25,3,2,24,0.003658624,0.9684334993362427,0.8169531226158142,0.9038689732551575,0.8571435809135437,0.8414477705955505,0.8740919828414917,0.981457531,0.8571435809135437
10/9/2025 16:44,1.0d,7f9e852795664f9d877f9c0b05ee4177,luxuriant-skunk-57,LOCAL,/home/spn1560/hiec/scripts/train.py,spn1560,FINISHED,None,TRUE,sprhea,esm,3,3,alternate_reaction_center,1234,None,-1,random_reaction,sprhea_v3_folded_pt_ns/random_reaction_alternate_reaction_center/3fold,20,v3_folded_pt_ns,None,0.0001,0.0001,0.001,"[BinaryF1Metric(task_weights=[[1.0]]), BinaryPrecision(task_weights=[[1.0]]), BinaryRecall(task_weights=[[1.0]]), BinaryMCC(task_weights=[[1.0]]), BinaryAccuracyMetric(task_weights=[[1.0]]), BinaryAUPRCMetric(task_weights=[[1.0]]), BinaryAUROCMetric(",LastAggregation,300,4,rxn_rc,BondMessagePassing,mpnn_dim_red,rc_agg,DotSig,,,"LinDimRed(
  (linear_layer): Linear(in_features=1280, out_features=300, bias=True)
)","['BinaryF1Metric', 'BinaryPrecision', 'BinaryRecall', 'BinaryMCC', 'BinaryAccuracyMetric', 'BinaryAUPRCMetric', 'BinaryAUROCMetric']",25,3,2,24,0.002805654,0.9616726040840149,0.7625633478164673,0.9266836047172546,0.8353897929191589,0.819651723,0.9171603322029114,0.987929642,0.8353897929191589
10/9/2025 11:52,9.6h,312b2ccd7ab8476eaf2f02559b472f37,gaudy-tern-23,LOCAL,/home/spn1560/hiec/scripts/train.py,spn1560,FINISHED,,,sprhea,esm,3,3,alternate_reaction_center,1234,None,-1,random_reaction_center,sprhea_v3_folded_pt_ns/random_reaction_center_alternate_reaction_center/3fold,20,v3_folded_pt_ns,None,,,,,None,300,None,mfp,None,linear,mfp,DotSig,2,2048,,"['BinaryF1Metric', 'BinaryPrecision', 'BinaryRecall', 'BinaryMCC', 'BinaryAccuracyMetric', 'BinaryAUPRCMetric', 'BinaryAUROCMetric']",25,3,,24,1.2698123455047607,0.6959713101387024,0.29820120334625244,0.6600817441940308,0.40993496775627136,0.27813464403152466,0.5030744671821594,0.702782393,0.40993496775627136
10/9/2025 11:35,21.6h,7446e660756f4cf486a9b17372880abf,unleashed-finch-244,LOCAL,/home/spn1560/hiec/scripts/train.py,spn1560,FINISHED,None,TRUE,sprhea,esm,3,3,alternate_reaction_center,1234,None,-1,random_reaction_center,sprhea_v3_folded_pt_ns/random_reaction_center_alternate_reaction_center/3fold,20,v3_folded_pt_ns,None,0.0001,0.0001,0.001,"[BinaryF1Metric(task_weights=[[1.0]]), BinaryPrecision(task_weights=[[1.0]]), BinaryRecall(task_weights=[[1.0]]), BinaryMCC(task_weights=[[1.0]]), BinaryAccuracyMetric(task_weights=[[1.0]]), BinaryAUPRCMetric(task_weights=[[1.0]]), BinaryAUROCMetric(",LastAggregation,300,4,rxn_rc,BondMessagePassing,mpnn_dim_red,rc_agg,DotSig,,,"LinDimRed(
  (linear_layer): Linear(in_features=1280, out_features=300, bias=True)
)","['BinaryF1Metric', 'BinaryPrecision', 'BinaryRecall', 'BinaryMCC', 'BinaryAccuracyMetric', 'BinaryAUPRCMetric', 'BinaryAUROCMetric']",25,3,2,24,0.086481899,0.8464809060096741,0.5192670822143555,0.5977166891098022,0.5542715787887573,0.4647757411003113,0.5672847032546997,0.8321051001548767,0.5542715787887573
10/9/2025 11:35,1.2d,8f3e92d3688c4eaaa754c03f821a5f50,nervous-duck-254,LOCAL,/home/spn1560/hiec/scripts/train.py,spn1560,FINISHED,None,TRUE,sprhea,esm,3,3,alternate_reaction_center,1234,None,-1,random_reaction_center,sprhea_v3_folded_pt_ns/random_reaction_center_alternate_reaction_center/3fold,20,v3_folded_pt_ns,None,0.0001,0.0001,0.001,"[BinaryF1Metric(task_weights=[[1.0]]), BinaryPrecision(task_weights=[[1.0]]), BinaryRecall(task_weights=[[1.0]]), BinaryMCC(task_weights=[[1.0]]), BinaryAccuracyMetric(task_weights=[[1.0]]), BinaryAUPRCMetric(task_weights=[[1.0]]), BinaryAUROCMetric(",MeanAggregation,300,6,rxn_simple,BondMessagePassing,mpnn_dim_red,bom,DotSig,,,"LinDimRed(
  (linear_layer): Linear(in_features=1280, out_features=300, bias=True)
)","['BinaryF1Metric', 'BinaryPrecision', 'BinaryRecall', 'BinaryMCC', 'BinaryAccuracyMetric', 'BinaryAUPRCMetric', 'BinaryAUROCMetric']",25,3,2,24,0.041739043,0.6822133660316467,0.30608028173446655,0.7720577716827393,0.43744826316833496,0.3265467882156372,0.446125329,0.7864996194839478,0.43744826316833496
10/9/2025 11:35,1.3d,48446286a7ca41b9b9e966cac43dadcb,lyrical-crab-847,LOCAL,/home/spn1560/hiec/scripts/train.py,spn1560,FINISHED,None,TRUE,sprhea,esm,3,3,alternate_reaction_center,1234,None,-1,random_reaction_center,sprhea_v3_folded_pt_ns/random_reaction_center_alternate_reaction_center/3fold,20,v3_folded_pt_ns,None,0.0001,0.0001,0.001,"[BinaryF1Metric(task_weights=[[1.0]]), BinaryPrecision(task_weights=[[1.0]]), BinaryRecall(task_weights=[[1.0]]), BinaryMCC(task_weights=[[1.0]]), BinaryAccuracyMetric(task_weights=[[1.0]]), BinaryAUPRCMetric(task_weights=[[1.0]]), BinaryAUROCMetric(",MeanAggregation,300,6,rxn_rc,BondMessagePassing,mpnn_dim_red,rc_cxn,DotSig,,,"LinDimRed(
  (linear_layer): Linear(in_features=1280, out_features=300, bias=True)
)","['BinaryF1Metric', 'BinaryPrecision', 'BinaryRecall', 'BinaryMCC', 'BinaryAccuracyMetric', 'BinaryAUPRCMetric', 'BinaryAUROCMetric']",25,3,2,24,0.000971991,0.8356050848960876,0.49046677350997925,0.6021308898925781,0.5391567349433899,0.4448101818561554,0.5778871178627014,0.8150948286056519,0.5391567349433899
10/9/2025 11:35,1.4d,126cac0dd8974a2c8461ce6a89d77876,bald-fawn-892,LOCAL,/home/spn1560/hiec/scripts/train.py,spn1560,FINISHED,,,sprhea,esm,3,3,alternate_reaction_center,1234,None,-1,random_reaction_center,sprhea_v3_folded_pt_ns/random_reaction_center_alternate_reaction_center/3fold,20,v3_folded_pt_ns,None,,,,,None,300,None,drfp,None,linear,drfp,DotSig,,2048,,"['BinaryF1Metric', 'BinaryPrecision', 'BinaryRecall', 'BinaryMCC', 'BinaryAccuracyMetric', 'BinaryAUPRCMetric', 'BinaryAUROCMetric']",25,3,,24,1.3329222202301025,0.6255254745483398,0.26732081174850464,0.7655599117279053,0.3954625725746155,0.2681138515472412,0.5345690250396729,0.6997053623199463,0.3954625725746155
10/9/2025 11:35,20.3h,a20a704601954d8983435696493f7638,sassy-smelt-581,LOCAL,/home/spn1560/hiec/scripts/train.py,spn1560,FINISHED,None,TRUE,sprhea,esm,3,3,alternate_reaction_center,1234,None,-1,random_reaction_center,sprhea_v3_folded_pt_ns/random_reaction_center_alternate_reaction_center/3fold,20,v3_folded_pt_ns,None,0.0001,0.0001,0.001,"[BinaryF1Metric(task_weights=[[1.0]]), BinaryPrecision(task_weights=[[1.0]]), BinaryRecall(task_weights=[[1.0]]), BinaryMCC(task_weights=[[1.0]]), BinaryAccuracyMetric(task_weights=[[1.0]]), BinaryAUPRCMetric(task_weights=[[1.0]]), BinaryAUROCMetric(",MeanAggregation,300,6,cgr,BondMessagePassing,mpnn_dim_red,cgr,DotSig,,,"LinDimRed(
  (linear_layer): Linear(in_features=1280, out_features=300, bias=True)
)","['BinaryF1Metric', 'BinaryPrecision', 'BinaryRecall', 'BinaryMCC', 'BinaryAccuracyMetric', 'BinaryAUPRCMetric', 'BinaryAUROCMetric']",25,3,2,24,0.003492655,0.7983598709106445,0.4178468883037567,0.6491047739982605,0.5071412324905396,0.4035663604736328,0.48634856939315796,0.798394501,0.5071412324905396
10/8/2025 22:05,18.6h,b6fe27a2cc0849e9a50537dee8c409c2,dazzling-cub-877,LOCAL,/home/spn1560/hiec/scripts/train.py,spn1560,FINISHED,None,TRUE,sprhea,esm,1,3,random,1234,[40],-1,blosum,sprhea_v3_folded_pt_ns/blosum/1fold,25,v3_folded_pt_ns,None,0.0001,0.0001,0.001,"[BinaryF1Metric(task_weights=[[1.0]]), BinaryPrecision(task_weights=[[1.0]]), BinaryRecall(task_weights=[[1.0]]), BinaryMCC(task_weights=[[1.0]]), BinaryAccuracyMetric(task_weights=[[1.0]]), BinaryAUPRCMetric(task_weights=[[1.0]]), BinaryAUROCMetric(",LastAggregation,300,4,rxn_rc,BondMessagePassing,mpnn_dim_red,rc_agg,DotSig,,,"LinDimRed(
  (linear_layer): Linear(in_features=1280, out_features=300, bias=True)
)","['BinaryF1Metric', 'BinaryPrecision', 'BinaryRecall', 'BinaryMCC', 'BinaryAccuracyMetric', 'BinaryAUPRCMetric', 'BinaryAUROCMetric']",25,3,2,24,0.004067871,1,1,1,1,1,1,1,1
10/8/2025 22:04,1.1d,b456f8d410ab4f7e9682cfbe0286be9b,bald-shrimp-823,LOCAL,/home/spn1560/hiec/scripts/train.py,spn1560,FINISHED,None,TRUE,sprhea,esm,1,3,random,1234,[40],-1,blosum,sprhea_v3_folded_pt_ns/blosum/1fold,25,v3_folded_pt_ns,None,0.0001,0.0001,0.001,"[BinaryF1Metric(task_weights=[[1.0]]), BinaryPrecision(task_weights=[[1.0]]), BinaryRecall(task_weights=[[1.0]]), BinaryMCC(task_weights=[[1.0]]), BinaryAccuracyMetric(task_weights=[[1.0]]), BinaryAUPRCMetric(task_weights=[[1.0]]), BinaryAUROCMetric(",MeanAggregation,300,6,rxn_rc,BondMessagePassing,mpnn_dim_red,rc_cxn,DotSig,,,"LinDimRed(
  (linear_layer): Linear(in_features=1280, out_features=300, bias=True)
)","['BinaryF1Metric', 'BinaryPrecision', 'BinaryRecall', 'BinaryMCC', 'BinaryAccuracyMetric', 'BinaryAUPRCMetric', 'BinaryAUROCMetric']",25,3,2,24,0.010363525710999966,0.9942196607589722,0.9499999284744263,1,0.9743589758872986,0.9715096950531006,1,1,0.9743589758872986
10/8/2025 22:04,9.0h,98354bc002554f53a468578687a62845,debonair-elk-662,LOCAL,/home/spn1560/hiec/scripts/train.py,spn1560,FINISHED,,,sprhea,esm,1,3,random,1234,[40],-1,blosum,sprhea_v3_folded_pt_ns/blosum/1fold,25,v3_folded_pt_ns,None,,,,,None,300,None,mfp,None,linear,mfp,DotSig,2,2048,,"['BinaryF1Metric', 'BinaryPrecision', 'BinaryRecall', 'BinaryMCC', 'BinaryAccuracyMetric', 'BinaryAUPRCMetric', 'BinaryAUROCMetric']",25,3,,24,1.592030644416809,0.9942196607589722,0.9499999284744263,1,0.9743589758872986,0.9715096950531006,0.9750000238418579,0.9967532157897949,0.9743589758872986
10/8/2025 22:04,1.3d,d71936df1ad0427fbbe8345d316a6b20,loud-dolphin-718,LOCAL,/home/spn1560/hiec/scripts/train.py,spn1560,FINISHED,,,sprhea,esm,1,3,random,1234,[40],-1,blosum,sprhea_v3_folded_pt_ns/blosum/1fold,25,v3_folded_pt_ns,None,,,,,None,300,None,drfp,None,linear,drfp,DotSig,,2048,,"['BinaryF1Metric', 'BinaryPrecision', 'BinaryRecall', 'BinaryMCC', 'BinaryAccuracyMetric', 'BinaryAUPRCMetric', 'BinaryAUROCMetric']",25,3,,24,1.5790672302246094,0.9942196607589722,0.9499999284744263,1,0.9743589758872986,0.9715096950531006,0.9750000238418579,0.9967533349990845,0.9743589758872986
10/8/2025 22:04,1.0d,2514bc1169a84bbbab1a3f13f76bff8c,monumental-bee-987,LOCAL,/home/spn1560/hiec/scripts/train.py,spn1560,FINISHED,None,TRUE,sprhea,esm,1,3,random,1234,[40],-1,blosum,sprhea_v3_folded_pt_ns/blosum/1fold,25,v3_folded_pt_ns,None,0.0001,0.0001,0.001,"[BinaryF1Metric(task_weights=[[1.0]]), BinaryPrecision(task_weights=[[1.0]]), BinaryRecall(task_weights=[[1.0]]), BinaryMCC(task_weights=[[1.0]]), BinaryAccuracyMetric(task_weights=[[1.0]]), BinaryAUPRCMetric(task_weights=[[1.0]]), BinaryAUROCMetric(",MeanAggregation,300,6,rxn_simple,BondMessagePassing,mpnn_dim_red,bom,DotSig,,,"LinDimRed(
  (linear_layer): Linear(in_features=1280, out_features=300, bias=True)
)","['BinaryF1Metric', 'BinaryPrecision', 'BinaryRecall', 'BinaryMCC', 'BinaryAccuracyMetric', 'BinaryAUPRCMetric', 'BinaryAUROCMetric']",25,3,2,24,0.014786713756620884,1,1,1,1,1,0.9999999403953552,1,1
10/8/2025 22:04,15.9h,15071c0474cf4fb6b86b23bd47cafec4,melodic-skunk-241,LOCAL,/home/spn1560/hiec/scripts/train.py,spn1560,FINISHED,None,TRUE,sprhea,esm,1,3,random,1234,[40],-1,blosum,sprhea_v3_folded_pt_ns/blosum/1fold,25,v3_folded_pt_ns,None,0.0001,0.0001,0.001,"[BinaryF1Metric(task_weights=[[1.0]]), BinaryPrecision(task_weights=[[1.0]]), BinaryRecall(task_weights=[[1.0]]), BinaryMCC(task_weights=[[1.0]]), BinaryAccuracyMetric(task_weights=[[1.0]]), BinaryAUPRCMetric(task_weights=[[1.0]]), BinaryAUROCMetric(",MeanAggregation,300,6,cgr,BondMessagePassing,mpnn_dim_red,cgr,DotSig,,,"LinDimRed(
  (linear_layer): Linear(in_features=1280, out_features=300, bias=True)
)","['BinaryF1Metric', 'BinaryPrecision', 'BinaryRecall', 'BinaryMCC', 'BinaryAccuracyMetric', 'BinaryAUPRCMetric', 'BinaryAUROCMetric']",25,3,2,24,0.009065391,1,1,1,1,1,1,1,1
10/8/2025 20:22,1.0d,0640823a298c4f088c3160092e273a24,legendary-fowl-475,LOCAL,/home/spn1560/hiec/scripts/train.py,spn1560,FINISHED,None,TRUE,sprhea,esm,1,3,random,1234,[25],-1,gsi,sprhea_v3_folded_pt_ns/gsi/1fold,20,v3_folded_pt_ns,None,0.0001,0.0001,0.001,"[BinaryF1Metric(task_weights=[[1.0]]), BinaryPrecision(task_weights=[[1.0]]), BinaryRecall(task_weights=[[1.0]]), BinaryMCC(task_weights=[[1.0]]), BinaryAccuracyMetric(task_weights=[[1.0]]), BinaryAUPRCMetric(task_weights=[[1.0]]), BinaryAUROCMetric(",MeanAggregation,300,6,rxn_rc,BondMessagePassing,mpnn_dim_red,rc_cxn,DotSig,,,"LinDimRed(
  (linear_layer): Linear(in_features=1280, out_features=300, bias=True)
)","['BinaryF1Metric', 'BinaryPrecision', 'BinaryRecall', 'BinaryMCC', 'BinaryAccuracyMetric', 'BinaryAUPRCMetric', 'BinaryAUROCMetric']",25,3,2,24,1.2406845092773438,0.9747552871704102,0.7991130948066711,0.9910900592803955,0.8842184543609619,0.8768892288208008,0.9183456897735596,0.9912921786308289,0.8842184543609619
10/8/2025 20:22,1.0d,9ccbf9af82df419189e1392a205d567e,worried-bat-387,LOCAL,/home/spn1560/hiec/scripts/train.py,spn1560,FINISHED,None,TRUE,sprhea,esm,1,3,random,1234,[25],-1,gsi,sprhea_v3_folded_pt_ns/gsi/1fold,20,v3_folded_pt_ns,None,0.0001,0.0001,0.001,"[BinaryF1Metric(task_weights=[[1.0]]), BinaryPrecision(task_weights=[[1.0]]), BinaryRecall(task_weights=[[1.0]]), BinaryMCC(task_weights=[[1.0]]), BinaryAccuracyMetric(task_weights=[[1.0]]), BinaryAUPRCMetric(task_weights=[[1.0]]), BinaryAUROCMetric(",MeanAggregation,300,6,rxn_simple,BondMessagePassing,mpnn_dim_red,bom,DotSig,,,"LinDimRed(
  (linear_layer): Linear(in_features=1280, out_features=300, bias=True)
)","['BinaryF1Metric', 'BinaryPrecision', 'BinaryRecall', 'BinaryMCC', 'BinaryAccuracyMetric', 'BinaryAUPRCMetric', 'BinaryAUROCMetric']",25,3,2,24,0.00068811,0.9685729146003723,0.7590129375457764,0.9955450296401978,0.8606154918670654,0.8535268306732178,0.8853201270103455,0.9896619319915771,0.8606154918670654
10/8/2025 20:22,18.1h,b708c2f0880c434b9a962c9431252657,amazing-ray-817,LOCAL,/home/spn1560/hiec/scripts/train.py,spn1560,FINISHED,None,TRUE,sprhea,esm,1,3,random,1234,[25],-1,gsi,sprhea_v3_folded_pt_ns/gsi/1fold,20,v3_folded_pt_ns,None,0.0001,0.0001,0.001,"[BinaryF1Metric(task_weights=[[1.0]]), BinaryPrecision(task_weights=[[1.0]]), BinaryRecall(task_weights=[[1.0]]), BinaryMCC(task_weights=[[1.0]]), BinaryAccuracyMetric(task_weights=[[1.0]]), BinaryAUPRCMetric(task_weights=[[1.0]]), BinaryAUROCMetric(",LastAggregation,300,4,rxn_rc,BondMessagePassing,mpnn_dim_red,rc_agg,DotSig,,,"LinDimRed(
  (linear_layer): Linear(in_features=1280, out_features=300, bias=True)
)","['BinaryF1Metric', 'BinaryPrecision', 'BinaryRecall', 'BinaryMCC', 'BinaryAccuracyMetric', 'BinaryAUPRCMetric', 'BinaryAUROCMetric']",25,3,2,24,0.004567202,0.9675425291061401,0.7552949786186218,0.9791974425315857,0.8523581027984619,0.8435512185096741,0.9256637692451477,0.9916377067565918,0.8523581027984619
10/8/2025 20:22,9.3h,2902e804853e4ed59094485d5fec6f8b,luxuriant-dove-700,LOCAL,/home/spn1560/hiec/scripts/train.py,spn1560,FINISHED,,,sprhea,esm,1,3,random,1234,[25],-1,gsi,sprhea_v3_folded_pt_ns/gsi/1fold,20,v3_folded_pt_ns,None,,,,,None,300,None,mfp,None,linear,mfp,DotSig,2,2048,,"['BinaryF1Metric', 'BinaryPrecision', 'BinaryRecall', 'BinaryMCC', 'BinaryAccuracyMetric', 'BinaryAUPRCMetric', 'BinaryAUROCMetric']",25,3,,24,1.4904751777648926,0.9639360904693604,0.7505581974983215,0.9379438757896423,0.8328009247779846,0.8197891116142273,0.8740044236183167,0.9817401170730591,0.8328009247779846
10/8/2025 20:22,1.3d,85444e594e32414287ae0ed8d912e7f0,blushing-swan-458,LOCAL,/home/spn1560/hiec/scripts/train.py,spn1560,FINISHED,,,sprhea,esm,1,3,random,1234,[25],-1,gsi,sprhea_v3_folded_pt_ns/gsi/1fold,20,v3_folded_pt_ns,None,,,,,None,300,None,drfp,None,linear,drfp,DotSig,,2048,,"['BinaryF1Metric', 'BinaryPrecision', 'BinaryRecall', 'BinaryMCC', 'BinaryAccuracyMetric', 'BinaryAUPRCMetric', 'BinaryAUROCMetric']",25,3,,24,1.4904751777648926,0.954662561,0.6977398991584778,0.9574110507965088,0.8050912618637085,0.7938788533210754,0.8230022192001343,0.9703962206840515,0.8050912618637085
10/8/2025 20:21,15.7h,b27cc1134ecb45f2b51f7fdbd712e443,aged-stoat-302,LOCAL,/home/spn1560/hiec/scripts/train.py,spn1560,FINISHED,None,TRUE,sprhea,esm,1,3,random,1234,[25],-1,gsi,sprhea_v3_folded_pt_ns/gsi/1fold,20,v3_folded_pt_ns,None,0.0001,0.0001,0.001,"[BinaryF1Metric(task_weights=[[1.0]]), BinaryPrecision(task_weights=[[1.0]]), BinaryRecall(task_weights=[[1.0]]), BinaryMCC(task_weights=[[1.0]]), BinaryAccuracyMetric(task_weights=[[1.0]]), BinaryAUPRCMetric(task_weights=[[1.0]]), BinaryAUROCMetric(",MeanAggregation,300,6,cgr,BondMessagePassing,mpnn_dim_red,cgr,DotSig,,,"LinDimRed(
  (linear_layer): Linear(in_features=1280, out_features=300, bias=True)
)","['BinaryF1Metric', 'BinaryPrecision', 'BinaryRecall', 'BinaryMCC', 'BinaryAccuracyMetric', 'BinaryAUPRCMetric', 'BinaryAUROCMetric']",25,3,2,24,0.000546309,0.9685729146003723,0.7704229950904846,0.9582475423812866,0.8532517552375793,0.842606783,0.8899083733558655,0.9703630208969116,0.8532517552375793
10/8/2025 20:16,20.3h,90c99b23c3704d4d8a83a57747ecb7e3,secretive-shad-271,LOCAL,/home/spn1560/hiec/scripts/train.py,spn1560,FINISHED,None,TRUE,sprhea,esm,3,3,random,1234,"[100, 80, 60, 40]",-1,drfp,sprhea_v3_folded_pt_ns/drfp/3fold,20,v3_folded_pt_ns,None,0.0001,0.0001,0.001,"[BinaryF1Metric(task_weights=[[1.0]]), BinaryPrecision(task_weights=[[1.0]]), BinaryRecall(task_weights=[[1.0]]), BinaryMCC(task_weights=[[1.0]]), BinaryAccuracyMetric(task_weights=[[1.0]]), BinaryAUPRCMetric(task_weights=[[1.0]]), BinaryAUROCMetric(",LastAggregation,300,4,rxn_rc,BondMessagePassing,mpnn_dim_red,rc_agg,DotSig,,,"LinDimRed(
  (linear_layer): Linear(in_features=1280, out_features=300, bias=True)
)","['BinaryF1Metric', 'BinaryPrecision', 'BinaryRecall', 'BinaryMCC', 'BinaryAccuracyMetric', 'BinaryAUPRCMetric', 'BinaryAUROCMetric']",25,3,2,24,0.005497358,0.9663425087928772,0.827270508,0.8421922326087952,0.8331255316734314,0.8153611421585083,0.8853718042373657,0.979393482,0.8331255316734314
10/8/2025 20:15,1.2d,88c48dd4fce64c68aaeaa16e1f636579,merciful-cub-887,LOCAL,/home/spn1560/hiec/scripts/train.py,spn1560,FINISHED,None,TRUE,sprhea,esm,3,3,random,1234,"[100, 80, 60, 40]",-1,drfp,sprhea_v3_folded_pt_ns/drfp/3fold,20,v3_folded_pt_ns,None,0.0001,0.0001,0.001,"[BinaryF1Metric(task_weights=[[1.0]]), BinaryPrecision(task_weights=[[1.0]]), BinaryRecall(task_weights=[[1.0]]), BinaryMCC(task_weights=[[1.0]]), BinaryAccuracyMetric(task_weights=[[1.0]]), BinaryAUPRCMetric(task_weights=[[1.0]]), BinaryAUROCMetric(",MeanAggregation,300,6,rxn_rc,BondMessagePassing,mpnn_dim_red,rc_cxn,DotSig,,,"LinDimRed(
  (linear_layer): Linear(in_features=1280, out_features=300, bias=True)
)","['BinaryF1Metric', 'BinaryPrecision', 'BinaryRecall', 'BinaryMCC', 'BinaryAccuracyMetric', 'BinaryAUPRCMetric', 'BinaryAUROCMetric']",25,3,2,24,0.016179697588086128,0.9695799946784973,0.8248909115791321,0.8853693008422852,0.8529559373855591,0.8373146057128906,0.9010854363441467,0.9822826385498047,0.8529559373855591
10/8/2025 20:15,1.2d,42271427075e4953ab17303b2713e2ea,crawling-sow-408,LOCAL,/home/spn1560/hiec/scripts/train.py,spn1560,FINISHED,None,TRUE,sprhea,esm,3,3,random,1234,"[100, 80, 60, 40]",-1,drfp,sprhea_v3_folded_pt_ns/drfp/3fold,20,v3_folded_pt_ns,None,0.0001,0.0001,0.001,"[BinaryF1Metric(task_weights=[[1.0]]), BinaryPrecision(task_weights=[[1.0]]), BinaryRecall(task_weights=[[1.0]]), BinaryMCC(task_weights=[[1.0]]), BinaryAccuracyMetric(task_weights=[[1.0]]), BinaryAUPRCMetric(task_weights=[[1.0]]), BinaryAUROCMetric(",MeanAggregation,300,6,rxn_simple,BondMessagePassing,mpnn_dim_red,bom,DotSig,,,"LinDimRed(
  (linear_layer): Linear(in_features=1280, out_features=300, bias=True)
)","['BinaryF1Metric', 'BinaryPrecision', 'BinaryRecall', 'BinaryMCC', 'BinaryAccuracyMetric', 'BinaryAUPRCMetric', 'BinaryAUROCMetric']",25,3,2,24,0.005552297,0.9629251956939697,0.791481614,0.8574209809303284,0.8217281103134155,0.8026965260505676,0.8686270117759705,0.9733049869537354,0.8217281103134155
10/8/2025 20:15,1.2d,9f28ec963a174626926a5699f7a8ea85,capricious-stoat-34,LOCAL,/home/spn1560/hiec/scripts/train.py,spn1560,FINISHED,None,TRUE,sprhea,esm,3,3,random,1234,"[100, 98, 97, 95]",-1,esm,sprhea_v3_folded_pt_ns/esm/3fold,20,v3_folded_pt_ns,None,0.0001,0.0001,0.001,"[BinaryF1Metric(task_weights=[[1.0]]), BinaryPrecision(task_weights=[[1.0]]), BinaryRecall(task_weights=[[1.0]]), BinaryMCC(task_weights=[[1.0]]), BinaryAccuracyMetric(task_weights=[[1.0]]), BinaryAUPRCMetric(task_weights=[[1.0]]), BinaryAUROCMetric(",MeanAggregation,300,6,rxn_simple,BondMessagePassing,mpnn_dim_red,bom,DotSig,,,"LinDimRed(
  (linear_layer): Linear(in_features=1280, out_features=300, bias=True)
)","['BinaryF1Metric', 'BinaryPrecision', 'BinaryRecall', 'BinaryMCC', 'BinaryAccuracyMetric', 'BinaryAUPRCMetric', 'BinaryAUROCMetric']",25,3,2,24,0.001433332,0.956915021,0.7843219637870789,0.7830623984336853,0.7820613384246826,0.7591319680213928,0.8434301614761353,0.9679341912269592,0.7820613384246826
10/8/2025 20:15,1.7d,b2d86a6aaf30416086855180508559bc,monumental-bird-497,LOCAL,/home/spn1560/hiec/scripts/train.py,spn1560,FINISHED,,,sprhea,esm,3,3,random,1234,"[100, 80, 60, 40]",-1,drfp,sprhea_v3_folded_pt_ns/drfp/3fold,20,v3_folded_pt_ns,None,,,,,None,300,None,drfp,None,linear,drfp,DotSig,,2048,,"['BinaryF1Metric', 'BinaryPrecision', 'BinaryRecall', 'BinaryMCC', 'BinaryAccuracyMetric', 'BinaryAUPRCMetric', 'BinaryAUROCMetric']",25,3,,24,1.1915783882141113,0.9504190683364868,0.7268309593200684,0.8121904134750366,0.7653933167457581,0.7402334809303284,0.8026109933853149,0.9515544176101685,0.7653933167457581
10/8/2025 20:15,11.1h,7b5a4bf57d774096826902e065bda1d2,delicate-horse-1000,LOCAL,/home/spn1560/hiec/scripts/train.py,spn1560,FINISHED,,,sprhea,esm,3,3,random,1234,"[100, 80, 60, 40]",-1,drfp,sprhea_v3_folded_pt_ns/drfp/3fold,20,v3_folded_pt_ns,None,,,,,None,300,None,mfp,None,linear,mfp,DotSig,2,2048,,"['BinaryF1Metric', 'BinaryPrecision', 'BinaryRecall', 'BinaryMCC', 'BinaryAccuracyMetric', 'BinaryAUPRCMetric', 'BinaryAUROCMetric']",25,3,,24,1.1917976140975952,0.9499514102935791,0.713368833,0.84069401,0.7701600790023804,0.7464293837547302,0.8159316182136536,0.9603866934776306,0.7701600790023804
10/8/2025 20:15,21.3h,dcbe7740769440ffa273a4a7dbe82b85,unruly-fly-327,LOCAL,/home/spn1560/hiec/scripts/train.py,spn1560,FINISHED,None,TRUE,sprhea,esm,3,3,random,1234,"[100, 98, 97, 95]",-1,esm,sprhea_v3_folded_pt_ns/esm/3fold,20,v3_folded_pt_ns,None,0.0001,0.0001,0.001,"[BinaryF1Metric(task_weights=[[1.0]]), BinaryPrecision(task_weights=[[1.0]]), BinaryRecall(task_weights=[[1.0]]), BinaryMCC(task_weights=[[1.0]]), BinaryAccuracyMetric(task_weights=[[1.0]]), BinaryAUPRCMetric(task_weights=[[1.0]]), BinaryAUROCMetric(",LastAggregation,300,4,rxn_rc,BondMessagePassing,mpnn_dim_red,rc_agg,DotSig,,,"LinDimRed(
  (linear_layer): Linear(in_features=1280, out_features=300, bias=True)
)","['BinaryF1Metric', 'BinaryPrecision', 'BinaryRecall', 'BinaryMCC', 'BinaryAccuracyMetric', 'BinaryAUPRCMetric', 'BinaryAUROCMetric']",25,3,2,24,0.000552074,0.9633682370185852,0.8241916298866272,0.8023326396942139,0.8116130828857422,0.7923130393028259,0.878107488,0.9755911827087402,0.8116130828857422
10/8/2025 20:15,1.3d,c0652048ded445f0ad2784bc6a289d36,painted-boar-968,LOCAL,/home/spn1560/hiec/scripts/train.py,spn1560,FINISHED,None,TRUE,sprhea,esm,3,3,random,1234,"[100, 98, 97, 95]",-1,esm,sprhea_v3_folded_pt_ns/esm/3fold,20,v3_folded_pt_ns,None,0.0001,0.0001,0.001,"[BinaryF1Metric(task_weights=[[1.0]]), BinaryPrecision(task_weights=[[1.0]]), BinaryRecall(task_weights=[[1.0]]), BinaryMCC(task_weights=[[1.0]]), BinaryAccuracyMetric(task_weights=[[1.0]]), BinaryAUPRCMetric(task_weights=[[1.0]]), BinaryAUROCMetric(",MeanAggregation,300,6,rxn_rc,BondMessagePassing,mpnn_dim_red,rc_cxn,DotSig,,,"LinDimRed(
  (linear_layer): Linear(in_features=1280, out_features=300, bias=True)
)","['BinaryF1Metric', 'BinaryPrecision', 'BinaryRecall', 'BinaryMCC', 'BinaryAccuracyMetric', 'BinaryAUPRCMetric', 'BinaryAUROCMetric']",25,3,2,24,0.000348037,0.965032697,0.8255621790885925,0.8243460059165955,0.8235865235328674,0.8049870729446411,0.8861101269721985,0.977575421,0.8235865235328674
10/8/2025 20:15,1.3d,1830f282f1be42f3b34c9467d571cfea,spiffy-sloth-899,LOCAL,/home/spn1560/hiec/scripts/train.py,spn1560,FINISHED,,,sprhea,esm,3,3,random,1234,"[100, 98, 97, 95]",-1,esm,sprhea_v3_folded_pt_ns/esm/3fold,20,v3_folded_pt_ns,None,,,,,None,300,None,drfp,None,linear,drfp,DotSig,,2048,,"['BinaryF1Metric', 'BinaryPrecision', 'BinaryRecall', 'BinaryMCC', 'BinaryAccuracyMetric', 'BinaryAUPRCMetric', 'BinaryAUROCMetric']",25,3,,24,0.9353904724121094,0.9465871453285217,0.7107557654380798,0.7827162742614746,0.74319458,0.7155890464782715,0.761591375,0.9168902635574341,0.74319458
10/8/2025 20:15,10.8h,f43889274968449c83a99335e96cd083,rogue-roo-2,LOCAL,/home/spn1560/hiec/scripts/train.py,spn1560,FINISHED,,,sprhea,esm,3,3,random,1234,"[100, 98, 97, 95]",-1,esm,sprhea_v3_folded_pt_ns/esm/3fold,20,v3_folded_pt_ns,None,,,,,None,300,None,mfp,None,linear,mfp,DotSig,2,2048,,"['BinaryF1Metric', 'BinaryPrecision', 'BinaryRecall', 'BinaryMCC', 'BinaryAccuracyMetric', 'BinaryAUPRCMetric', 'BinaryAUROCMetric']",25,3,,24,0.9257012009620667,0.9473375678062439,0.701537013,0.8189904689788818,0.7539876103401184,0.7284670472145081,0.7965764999389648,0.9522508978843689,0.7539876103401184
10/8/2025 20:15,19.6h,3997ceef2ee34887ae426f0296a7a011,suave-whale-819,LOCAL,/home/spn1560/hiec/scripts/train.py,spn1560,FINISHED,None,TRUE,sprhea,esm,3,3,random,1234,"[100, 80, 60, 40]",-1,drfp,sprhea_v3_folded_pt_ns/drfp/3fold,20,v3_folded_pt_ns,None,0.0001,0.0001,0.001,"[BinaryF1Metric(task_weights=[[1.0]]), BinaryPrecision(task_weights=[[1.0]]), BinaryRecall(task_weights=[[1.0]]), BinaryMCC(task_weights=[[1.0]]), BinaryAccuracyMetric(task_weights=[[1.0]]), BinaryAUPRCMetric(task_weights=[[1.0]]), BinaryAUROCMetric(",MeanAggregation,300,6,cgr,BondMessagePassing,mpnn_dim_red,cgr,DotSig,,,"LinDimRed(
  (linear_layer): Linear(in_features=1280, out_features=300, bias=True)
)","['BinaryF1Metric', 'BinaryPrecision', 'BinaryRecall', 'BinaryMCC', 'BinaryAccuracyMetric', 'BinaryAUPRCMetric', 'BinaryAUROCMetric']",25,3,2,24,0.001651188,0.9655271768569946,0.817102849,0.8475983142852783,0.8305944204330444,0.8124552369117737,0.8847793340682983,0.9776120185852051,0.8305944204330444
10/8/2025 20:15,18.3h,c4f35529ada44a26ac73e5c11b035a23,flawless-swan-617,LOCAL,/home/spn1560/hiec/scripts/train.py,spn1560,FINISHED,None,TRUE,sprhea,esm,3,3,random,1234,"[100, 98, 97, 95]",-1,esm,sprhea_v3_folded_pt_ns/esm/3fold,20,v3_folded_pt_ns,None,0.0001,0.0001,0.001,"[BinaryF1Metric(task_weights=[[1.0]]), BinaryPrecision(task_weights=[[1.0]]), BinaryRecall(task_weights=[[1.0]]), BinaryMCC(task_weights=[[1.0]]), BinaryAccuracyMetric(task_weights=[[1.0]]), BinaryAUPRCMetric(task_weights=[[1.0]]), BinaryAUROCMetric(",MeanAggregation,300,6,cgr,BondMessagePassing,mpnn_dim_red,cgr,DotSig,,,"LinDimRed(
  (linear_layer): Linear(in_features=1280, out_features=300, bias=True)
)","['BinaryF1Metric', 'BinaryPrecision', 'BinaryRecall', 'BinaryMCC', 'BinaryAccuracyMetric', 'BinaryAUPRCMetric', 'BinaryAUROCMetric']",25,3,2,24,0.00520113,0.961158037,0.8055957555770874,0.8049445748329163,0.8038637638092041,0.7831410765647888,0.878296971,0.9751642942428589,0.8038637638092041
9/30/2025 15:56,1.8d,1a6a3a1a203f40b1bf7c969585e96ff8,clean-cod-215,LOCAL,/home/spn1560/hiec/scripts/train.py,spn1560,FINISHED,,,sprhea,esm,3,3,random,1234,"[100, 80, 60, 40]",-1,rcmcs,sprhea_v3_folded_pt_ns/rcmcs/3fold,20,v3_folded_pt_ns,None,,,,,None,300,None,drfp,None,linear,drfp,DotSig,,2048,,"['BinaryF1Metric', 'BinaryPrecision', 'BinaryRecall', 'BinaryMCC', 'BinaryAccuracyMetric', 'BinaryAUPRCMetric', 'BinaryAUROCMetric']",25,3,,24,1.2246992588043213,0.7901902198791504,0.9486325979232788,0.5990833044052124,0.7339304685592651,0.6168050169944763,0.9018484354019165,0.8866928815841675,0.7339304685592651
9/30/2025 15:55,1.1d,4dd874521c1b47929d55edcc01651a5f,able-carp-361,LOCAL,/home/spn1560/hiec/scripts/train.py,spn1560,FINISHED,,,sprhea,esm,3,3,random,1234,"[100, 80, 60, 40]",0,rcmcs,sprhea_v3_folded_pt_ns/rcmcs/3fold,20,v3_folded_pt_ns,None,,,,,None,300,None,drfp,None,linear,drfp,DotSig,,2048,,"['BinaryF1Metric', 'BinaryPrecision', 'BinaryRecall', 'BinaryMCC', 'BinaryAccuracyMetric', 'BinaryAUPRCMetric', 'BinaryAUROCMetric']",25,3,,24,1.1444118022918701,0.7439561486244202,0.9453877210617065,0.5175455212593079,0.6684471964836121,0.5467374324798584,0.9169437885284424,0.9136861562728882,0.6684471964836121
10/23/2025 11:52,4.7min,8197269a2bec420996b72b11c840e601,bittersweet-fowl-131,LOCAL,/home/spn1560/hiec/scripts/train.py,spn1560,FINISHED,,,sprhea,esm,3,3,alternate_reaction_center,1234,None,-1,random_reaction,sprhea_v3_folded_pt_ns/random_reaction_alternate_reaction_center/3fold,20,v3_folded_pt_ns,None,,,,,None,300,None,rxnfp,None,linear,rxnfp,DotSig,,256,,"['BinaryF1Metric', 'BinaryPrecision', 'BinaryRecall', 'BinaryMCC', 'BinaryAccuracyMetric', 'BinaryAUPRCMetric', 'BinaryAUROCMetric']",25,3,,24,1.1305683851242065,0.726700485,0.23999179899692535,0.7260934710502625,0.35946890711784363,0.29823657870292664,0.4984801411628723,0.7409929633140564,0.35946890711784363
10/23/2025 11:52,4.4min,39b93ad8cb9145abb2ea062cd512dcf4,welcoming-perch-899,LOCAL,/home/spn1560/hiec/scripts/train.py,spn1560,FINISHED,,,sprhea,esm,3,3,alternate_reaction_center,1234,None,-1,random_reaction_center,sprhea_v3_folded_pt_ns/random_reaction_center_alternate_reaction_center/3fold,20,v3_folded_pt_ns,None,,,,,None,300,None,rxnfp,None,linear,rxnfp,DotSig,,256,,"['BinaryF1Metric', 'BinaryPrecision', 'BinaryRecall', 'BinaryMCC', 'BinaryAccuracyMetric', 'BinaryAUPRCMetric', 'BinaryAUROCMetric']",25,3,,24,1.4007480144500732,0.4152866303920746,0.20018751919269562,0.8819172382354736,0.32575124502182007,0.16734912991523743,0.5504009127616882,0.6048364639282227,0.32575124502182007
10/23/2025 11:52,2.6min,bf3e630a5dfd4f05a41ca5fde53f047e,persistent-rat-575,LOCAL,/home/spn1560/hiec/scripts/train.py,spn1560,FINISHED,,,sprhea,esm,3,3,alternate_reaction_center,1234,None,0,random_reaction,sprhea_v3_folded_pt_ns/random_reaction_alternate_reaction_center/3fold,20,v3_folded_pt_ns,None,,,,,None,300,None,rxnfp,None,linear,rxnfp,DotSig,,256,,"['BinaryF1Metric', 'BinaryPrecision', 'BinaryRecall', 'BinaryMCC', 'BinaryAccuracyMetric', 'BinaryAUPRCMetric', 'BinaryAUROCMetric']",25,3,,24,1.6311004161834717,0.6999787092208862,0.7027309536933899,0.6927603483200073,0.6972943544387817,0.4000295102596283,0.7751032710075378,0.7034116983413696,0.6972943544387817
10/23/2025 11:34,2.3min,230c80bfb42349979c96177cd07d45b4,gentle-mouse-992,LOCAL,/home/spn1560/hiec/scripts/train.py,spn1560,FINISHED,,,sprhea,esm,3,3,alternate_reaction_center,1234,None,0,random_reaction_center,sprhea_v3_folded_pt_ns/random_reaction_center_alternate_reaction_center/3fold,20,v3_folded_pt_ns,None,,,,,None,300,None,rxnfp,None,linear,rxnfp,DotSig,,256,,"['BinaryF1Metric', 'BinaryPrecision', 'BinaryRecall', 'BinaryMCC', 'BinaryAccuracyMetric', 'BinaryAUPRCMetric', 'BinaryAUROCMetric']",25,3,,24,1.2753474712371826,0.6145167350769043,0.5687181353569031,0.9470444321632385,0.710407019,0.3062432110309601,0.7713536024093628,0.6162482500076294,0.710407019
10/23/2025 11:26,4.1min,a18f33953c4840458c6255df6e8c89aa,industrious-gull-1,LOCAL,/home/spn1560/hiec/scripts/train.py,spn1560,FINISHED,,,sprhea,esm,3,3,random,1234,"[100, 80, 60, 40]",-1,rcmcs,sprhea_v3_folded_pt_ns/rcmcs/3fold,20,v3_folded_pt_ns,None,,,,,None,300,None,rxnfp,None,linear,rxnfp,DotSig,,256,,"['BinaryF1Metric', 'BinaryPrecision', 'BinaryRecall', 'BinaryMCC', 'BinaryAccuracyMetric', 'BinaryAUPRCMetric', 'BinaryAUROCMetric']",25,3,,24,1.292465090751648,0.8203791379928589,0.32233622670173645,0.7113654613494873,0.44212988018989563,0.39317259192466736,0.5367315411567688,0.8069115877151489,0.44212988018989563
10/23/2025 11:26,3.1min,ec33b67fdad14786a9241694ea6a1b82,nimble-stag-274,LOCAL,/home/spn1560/hiec/scripts/train.py,spn1560,FINISHED,,,sprhea,esm,3,3,random,1234,"[100, 80, 60, 40]",0,rcmcs,sprhea_v3_folded_pt_ns/rcmcs/3fold,20,v3_folded_pt_ns,None,,,,,None,300,None,rxnfp,None,linear,rxnfp,DotSig,,256,,"['BinaryF1Metric', 'BinaryPrecision', 'BinaryRecall', 'BinaryMCC', 'BinaryAccuracyMetric', 'BinaryAUPRCMetric', 'BinaryAUROCMetric']",25,3,,24,1.1928582191467285,0.8293382525444031,0.8321720957756042,0.824387789,0.827994168,0.6584128141403198,0.877801239,0.8444175720214844,0.827994168
